epoch,lr,train_loss,train_acc,train_acc_turn_1,train_acc_turn_2,train_acc_turn_3,train_acc_turn_4,train_acc_turn_5,train_acc_turn_6,train_acc_turn_7,train_loss_total,train_loss_answer,train_loss_write_sparse,train_write_gate_mean,val_loss,val_acc,val_acc_turn_1,val_acc_turn_2,val_acc_turn_3,val_acc_turn_4,val_acc_turn_5,val_acc_turn_6,val_acc_turn_7
0,0.000299794430213186,0.4486094346557345,0.7793571428571429,0.93025,0.852625,0.793125,0.654875,0.56,0.740125,0.9245,0.44860943601812636,0.44860943601812636,0.0,4.645316737311227,0.535847635061081,0.7918571428571428,0.941,0.928,0.825,0.712,0.482,0.716,0.939
1,0.00029917828430524096,0.34675448279721394,0.8368928571428571,0.9755,0.91525,0.884125,0.71075,0.665625,0.771625,0.935375,0.34675448310213897,0.34675448310213897,0.0,6.590610768522535,0.3485744254132899,0.8371428571428572,0.993,0.954,0.941,0.696,0.676,0.783,0.817
2,0.00029815325108927063,0.3147567479269845,0.8499285714285715,0.976875,0.93875,0.904,0.74525,0.673,0.778125,0.9335,0.3147567480596992,0.3147567480596992,0.0,7.086640991006579,0.32866995491609224,0.8397142857142857,0.993,0.959,0.939,0.782,0.548,0.809,0.848
3,0.0002967221401100708,0.294970684162208,0.8600714285714286,0.977125,0.9515,0.92125,0.775,0.674375,0.7845,0.93675,0.294970684669827,0.294970684669827,0.0,7.294855913230351,0.28924405811029386,0.871,0.938,0.97,0.955,0.781,0.701,0.813,0.939
4,0.0002948888739433602,0.28128556663649423,0.8656071428571429,0.979375,0.961375,0.930125,0.7805,0.67975,0.786875,0.94125,0.2812855666542,0.2812855666542,0.0,7.2916338489396235,0.2693295117192881,0.8737142857142857,0.967,0.947,0.941,0.812,0.698,0.811,0.94
5,0.00029265847744427303,0.2831874837364469,0.8662321428571429,0.982375,0.96775,0.9335,0.783625,0.680625,0.77675,0.939,0.2831874842067482,0.281344236910477,0.0018432472058879544,5.535276836173875,0.2937509517089597,0.8644285714285714,0.977,0.969,0.954,0.788,0.698,0.774,0.891
6,0.00029003706397458023,0.3114611078926495,0.8515892857142857,0.974625,0.947375,0.87225,0.73825,0.710125,0.776625,0.941875,0.31146110782643416,0.31073688499100716,0.000724222716308889,2.174842968953507,0.3051648354788444,0.8508571428571429,0.985,0.968,0.889,0.714,0.729,0.732,0.939
7,0.0002870318186463901,0.2784365876402174,0.8692857142857143,0.979125,0.970625,0.898625,0.75925,0.743875,0.790375,0.943125,0.27843658700987,0.27782773322545756,0.0006088537756971034,1.8283896976113319,0.3104271410326806,0.8567142857142858,0.949,0.975,0.919,0.761,0.702,0.752,0.939
8,0.00028365097862825513,0.27138430719716206,0.8728928571428571,0.981625,0.96775,0.896875,0.759125,0.759,0.801875,0.944,0.27138430693600096,0.2708630839284897,0.0005212230696581952,1.5652344263142772,0.30487797163150804,0.8505714285714285,0.994,0.91,0.873,0.673,0.764,0.8,0.94
9,0.0002799038105676658,0.2655363843185561,0.8755892857142857,0.980875,0.9735,0.88725,0.773875,0.7595,0.81,0.944125,0.26553638381804506,0.2649988821053752,0.0005375017271256054,1.6141192833195839,0.2825831337652635,0.872,1.0,0.99,0.896,0.783,0.736,0.76,0.939
10,0.00027580058519181355,0.25734125996487484,0.8804285714285714,0.98,0.972375,0.897625,0.7875,0.764625,0.81525,0.945625,0.25734126029781434,0.2567737976189779,0.000567462895314098,1.7040927597404059,0.40402690765306554,0.8527142857142858,0.817,0.974,0.91,0.757,0.783,0.789,0.939
11,0.00027135254915624206,0.24893479767016002,0.8835178571428571,0.9825,0.976,0.9035,0.785125,0.775625,0.816875,0.945,0.2489347982311987,0.2483732328969702,0.0005615653505681491,1.6863824150463833,0.2800965865555752,0.8792857142857143,0.992,0.975,0.897,0.799,0.767,0.785,0.94
12,0.00026657189421854557,0.24867905635493143,0.8832142857142857,0.98125,0.975,0.9,0.77925,0.784375,0.81725,0.945375,0.2486790564039298,0.2481277286222632,0.0005513276728527541,1.6556386387749975,0.5059121212092494,0.8008571428571428,0.566,0.98,0.907,0.701,0.751,0.762,0.939
13,0.0002614717238216091,0.24650975850650242,0.8855,0.97975,0.975375,0.897375,0.77775,0.799875,0.820125,0.94825,0.24650975867349603,0.24601954248564983,0.000490216201018224,1.4721207080329104,0.3221426157743138,0.8454285714285714,0.993,0.973,0.818,0.707,0.739,0.748,0.94
14,0.0002560660171779821,0.23254804245063238,0.8924285714285715,0.98575,0.978875,0.900375,0.813125,0.80225,0.821,0.945625,0.232548042690265,0.2320322813714408,0.0005157613193410466,1.5488327738387244,0.28358225713703517,0.8837142857142857,0.964,0.971,0.936,0.748,0.806,0.827,0.934
15,0.0002503695909538287,0.22264518604108266,0.8989464285714286,0.985,0.977625,0.909,0.8435,0.800625,0.82925,0.947625,0.22264518624379084,0.22215599367292851,0.0004891926369065394,1.4690469420190368,0.24260658132597537,0.8972857142857142,0.989,0.977,0.931,0.818,0.798,0.818,0.95
16,0.0002443980586574756,0.21674764715347972,0.9020714285714285,0.982125,0.978875,0.905375,0.865,0.803625,0.829875,0.949625,0.2167476471257978,0.21627487074572663,0.0004727764886109591,1.4197492014297417,0.2933304897272361,0.8821428571428571,0.98,0.948,0.926,0.791,0.779,0.822,0.929
17,0.0002381677878438709,0.20874115707618848,0.9044107142857143,0.98725,0.9795,0.901375,0.87525,0.809625,0.828375,0.9495,0.20874115721542538,0.20828626853202717,0.0004548887733700602,1.366032337795411,0.2637280639910937,0.8762857142857143,0.977,0.984,0.881,0.812,0.762,0.788,0.93
18,0.000231695855252254,0.21749037718772887,0.9022857142857142,0.986875,0.978125,0.893,0.870625,0.80775,0.829625,0.95,0.21749037704241345,0.21703817591192182,0.00045220128511053707,1.3579618031169687,0.34310639864981307,0.8568571428571429,0.963,0.956,0.78,0.756,0.773,0.828,0.942
19,0.0002249999999999999,0.21493106907606124,0.9021785714285714,0.985125,0.981,0.88675,0.873875,0.808375,0.82825,0.951875,0.2149310693693156,0.2144869293969681,0.0004441399622420639,1.3337536270426853,0.3160009668951056,0.8704285714285714,0.989,0.956,0.828,0.838,0.744,0.798,0.94
20,0.00021809857496093193,0.20959268213169915,0.90375,0.986,0.982,0.8875,0.880875,0.810875,0.8285,0.9505,0.20959268209408868,0.2091304473499952,0.00046223471573258784,1.3880922239848545,0.2571335825626738,0.887,0.979,0.986,0.861,0.859,0.789,0.795,0.94
21,0.00021101049646136998,0.20287786500368798,0.906875,0.987875,0.98125,0.90375,0.88775,0.806625,0.832625,0.94825,0.20287786462910923,0.20239652859236507,0.00048133587285337855,1.4454530565610955,0.303354545233871,0.8752857142857143,1.0,0.984,0.86,0.841,0.718,0.784,0.94
22,0.00020375519243179502,0.20026050335594586,0.9094464285714285,0.986125,0.9825,0.9025,0.893875,0.812875,0.8375,0.95075,0.2002605032464697,0.19974877451495046,0.0005117288989162521,1.536723403890218,0.3627910703286512,0.8577142857142858,0.931,0.968,0.776,0.816,0.765,0.809,0.939
23,0.00019635254915624205,0.2046892469397613,0.9053928571428571,0.985375,0.9835,0.901375,0.885875,0.80775,0.826875,0.947,0.2046892468698414,0.20412199850949855,0.0005672483805589894,1.7034485723589148,0.3239560236414961,0.8592857142857143,1.0,0.972,0.846,0.838,0.64,0.779,0.94
24,0.00018882285676537805,0.20972720009088516,0.9027857142857143,0.985,0.9845,0.905375,0.87675,0.79875,0.823125,0.946,0.20972720003997009,0.20906264898134524,0.0006645511277778756,1.9956490117268904,0.28683337223622946,0.8652857142857143,0.927,0.966,0.878,0.813,0.75,0.785,0.938
25,0.00018118675362266382,0.20454589130623,0.9065535714285714,0.98775,0.982375,0.915375,0.8865,0.805,0.826,0.942875,0.20454589095570763,0.2037976736449859,0.000748217008427933,2.2468978995255062,0.2675155880541341,0.877,0.98,0.971,0.866,0.824,0.761,0.796,0.941
26,0.0001734651697560346,0.20234859855260168,0.9078928571428572,0.9865,0.9835,0.920875,0.88475,0.8035,0.82975,0.946375,0.2023485991609341,0.20152323331464667,0.0008253657832434069,2.4785758994477134,0.2912795462673197,0.8752857142857143,0.997,0.969,0.887,0.799,0.783,0.753,0.939
27,0.00016567926949014798,0.19961596259900502,0.9099821428571429,0.988875,0.987875,0.923,0.885875,0.806125,0.8315,0.946625,0.19961596279092608,0.19870475056148137,0.0009112120833181377,2.7363725923810684,0.27508663199918476,0.877,0.963,0.989,0.926,0.844,0.713,0.768,0.936
28,0.0001578503934364415,0.19506749273623739,0.9113214285714286,0.990125,0.986875,0.925375,0.89375,0.805375,0.832,0.94575,0.1950674932049338,0.19414901575977406,0.0009184775180495178,2.7581907173395157,0.2795604899482735,0.8768571428571429,0.971,0.979,0.896,0.839,0.764,0.749,0.94
29,0.00015,0.20048560705355237,0.9075714285714286,0.99,0.987875,0.922875,0.88775,0.79125,0.825625,0.947625,0.2004856071620639,0.1994707951141545,0.0010148120474758409,3.047483592505966,0.3390550249510977,0.8534285714285714,1.0,0.992,0.837,0.779,0.654,0.772,0.94
30,0.0001421496065635584,0.19592607160551206,0.9110535714285715,0.98925,0.988,0.920375,0.896125,0.796,0.836125,0.9515,0.19592607163426665,0.19492812964902662,0.0009979418861642314,2.9968224502546446,0.34074975828423965,0.8655714285714285,0.997,0.949,0.882,0.792,0.737,0.76,0.942
31,0.00013432073050985197,0.1957760273388454,0.9101785714285714,0.99175,0.98775,0.933875,0.888875,0.78475,0.831375,0.952875,0.1957760271523605,0.19475284287256167,0.0010231842741237156,3.0726254142011915,0.24769176411858226,0.895,0.989,0.981,0.912,0.851,0.772,0.819,0.941
32,0.00012653483024396533,0.19549667513370514,0.9101607142857143,0.99225,0.98875,0.93075,0.8955,0.784,0.83225,0.947625,0.19549667496583426,0.19443659699974872,0.001060078048781309,3.183417530460017,0.261585090020738,0.8908571428571429,0.976,0.987,0.928,0.851,0.73,0.823,0.941
33,0.00011881324637733606,0.19309175788930485,0.9117678571428571,0.993125,0.989375,0.930125,0.896625,0.789375,0.83225,0.9515,0.19309175782171742,0.19203859117749303,0.0010531666199136193,3.1626624896952085,0.2562627964635446,0.8928571428571429,0.989,0.963,0.928,0.854,0.746,0.819,0.951
34,0.00011117714323462187,0.1859498678786414,0.9163035714285714,0.994375,0.99,0.935625,0.89875,0.799875,0.84325,0.95225,0.1859498678901499,0.18501255707226766,0.0009373109239864529,2.814747489980289,0.2367224002092345,0.8944285714285715,1.0,0.985,0.93,0.826,0.768,0.809,0.943
35,0.00010364745084375787,0.18204017499089242,0.9170178571428571,0.9925,0.990625,0.936,0.899125,0.81125,0.839875,0.94975,0.18204017518185928,0.18107938586596103,0.0009607893911618573,2.8852533940587723,0.3000400991625419,0.8748571428571429,0.926,0.952,0.886,0.828,0.806,0.787,0.939
36,9.624480756820493e-05,0.17989516718898502,0.9174464285714286,0.992625,0.99075,0.937625,0.903875,0.81125,0.835625,0.950375,0.17989516718418289,0.1789265756203285,0.0009685915024913682,2.908683159666402,0.25950157277898067,0.8858571428571429,0.987,0.97,0.888,0.839,0.751,0.824,0.942
37,8.898950353862994e-05,0.17967669750111442,0.9183035714285714,0.992625,0.9915,0.939625,0.906875,0.806,0.839625,0.951875,0.17967669783737594,0.17871965600336762,0.000957041912414882,2.8739997067281178,0.25598077510081096,0.886,0.985,0.971,0.898,0.858,0.76,0.787,0.943
38,8.190142503906796e-05,0.17458599764534405,0.9203928571428571,0.994,0.991625,0.943875,0.90975,0.813125,0.837,0.953375,0.17458599778745806,0.17367796866678714,0.0009080290597651453,2.7268139645968166,0.24429625112802855,0.8921428571428571,1.0,0.991,0.927,0.846,0.756,0.782,0.943
39,7.500000000000001e-05,0.17603841874429157,0.9205357142857142,0.993625,0.992375,0.938,0.90925,0.818875,0.83925,0.952375,0.17603841841691922,0.17517213034737275,0.000866288157793211,2.601465910988195,0.26125041415427613,0.8867142857142857,0.997,0.972,0.893,0.835,0.772,0.792,0.946
40,6.830414474774596e-05,0.17299529455389295,0.9204821428571428,0.99375,0.99275,0.9445,0.90975,0.8135,0.836,0.953125,0.17299529437324965,0.17212193180015825,0.0008733626875431842,2.6227107461350303,0.27875761536199467,0.881,0.998,0.979,0.905,0.82,0.746,0.78,0.939
41,6.183221215612902e-05,0.17374177492516382,0.9209107142857142,0.99425,0.993,0.9415,0.91025,0.815125,0.84075,0.9515,0.1737417749255089,0.17285337600349474,0.0008883989120783683,2.667864571733134,0.26091393208769814,0.8867142857142857,0.996,0.963,0.896,0.864,0.762,0.784,0.942
42,5.560194134252439e-05,0.1716306173162801,0.9218571428571428,0.995625,0.991875,0.94125,0.910625,0.812625,0.845,0.956,0.17163061745332173,0.1707732138906889,0.0008574036494454569,2.57478570746524,0.2956539287123929,0.8752857142857143,0.995,0.96,0.886,0.855,0.748,0.743,0.94
43,4.96304090461713e-05,0.17136798745393753,0.9223571428571429,0.9915,0.9935,0.945,0.91525,0.816875,0.841,0.953375,0.1713679874478195,0.17051285350721354,0.0008551339516998269,2.5679697966660773,0.2877702475108339,0.8805714285714286,0.995,0.976,0.881,0.87,0.756,0.747,0.939
44,4.393398282201787e-05,0.16888300107632365,0.9219464285714286,0.9945,0.994125,0.94225,0.91425,0.8155,0.84025,0.95275,0.16888300084532654,0.16801968588738847,0.0008633150350776434,2.5925376158441815,0.23318916185586047,0.8971428571428571,0.997,0.977,0.901,0.859,0.785,0.815,0.946
45,3.8528276178390874e-05,0.16801217535563878,0.9221071428571429,0.995875,0.994875,0.941625,0.91725,0.814125,0.837,0.954,0.168012175238974,0.16712515185817597,0.0008870233247081549,2.6637336802652904,0.2650633083128237,0.8875714285714286,0.991,0.965,0.896,0.844,0.768,0.805,0.944
46,3.342810578145436e-05,0.16690405705145428,0.9231428571428572,0.994625,0.994125,0.943625,0.91625,0.82,0.839625,0.95375,0.16690405694748708,0.16600678950373524,0.0008972675240573673,2.6944970404761177,0.27175192839043616,0.8858571428571429,0.993,0.98,0.885,0.845,0.761,0.792,0.945
47,2.8647450843757894e-05,0.16400141552516392,0.9250892857142857,0.99675,0.994875,0.94825,0.9205,0.817875,0.844375,0.953,0.16400141558523007,0.1631070392533019,0.0008943764880927379,2.6858152514653546,0.2412802378083912,0.8964285714285715,0.997,0.981,0.919,0.836,0.775,0.824,0.943
48,2.4199414808186403e-05,0.16428347267849105,0.9238214285714286,0.99725,0.9955,0.94575,0.91625,0.81475,0.84475,0.9525,0.16428347270310872,0.163378515597702,0.000904957077176992,2.7175887919238635,0.23738181183946186,0.8962857142857142,0.996,0.987,0.922,0.852,0.779,0.798,0.94
49,2.0096189432334187e-05,0.1609563993215561,0.9251607142857143,0.998125,0.99625,0.94725,0.922,0.816375,0.84175,0.954375,0.1609563989292905,0.16005007908314045,0.000906319618890328,2.7216805073959485,0.27178412224764803,0.8858571428571429,0.989,0.985,0.883,0.856,0.755,0.79,0.943
50,1.6349021371744827e-05,0.16230169048053877,0.9244642857142857,0.997875,0.99525,0.9465,0.92125,0.818,0.83875,0.953625,0.1623016903235839,0.16140262104728623,0.0008990692563758264,2.6999076477502073,0.2793503039118701,0.8868571428571429,1.0,0.984,0.884,0.845,0.761,0.792,0.942
51,1.2968181353609849e-05,0.1600653896778822,0.926125,0.999375,0.996625,0.948125,0.926,0.816,0.841,0.95575,0.16006538923675542,0.15917593510658073,0.0008894540963769291,2.671033293409007,0.2806703483596045,0.8851428571428571,0.998,0.974,0.89,0.819,0.766,0.809,0.94
52,9.962936025419734e-06,0.16077922735043934,0.9260892857142857,0.99925,0.99725,0.947,0.921125,0.819125,0.846,0.952875,0.16077922747411816,0.1598920379303267,0.0008871894775802502,2.6642326369541034,0.2641927282889706,0.8878571428571429,0.993,0.98,0.892,0.85,0.763,0.797,0.94
53,7.3415225557269666e-06,0.1590836442070348,0.927625,0.9995,0.997125,0.951125,0.92225,0.81775,0.849,0.956625,0.1590836446416922,0.15818961227224573,0.0008940322371989688,2.6847814637252263,0.2602633555334926,0.8872857142857142,0.995,0.979,0.89,0.851,0.761,0.795,0.94
54,5.111126056639751e-06,0.15890831446009024,0.9256428571428571,0.9995,0.99725,0.949375,0.922875,0.816375,0.8425,0.951625,0.1589083147230683,0.1580181522512425,0.0008901624836975576,2.673160582891532,0.2596289538978599,0.8898571428571429,0.997,0.98,0.895,0.848,0.765,0.802,0.942
55,3.2778598899291457e-06,0.15899092234032494,0.9265,0.999625,0.9975,0.9485,0.923125,0.81775,0.843375,0.955625,0.15899092243009363,0.15810062715368509,0.0008902951477087169,2.673558974981308,0.2613741859289086,0.8884285714285715,0.991,0.979,0.89,0.856,0.758,0.802,0.943
56,1.8467489107293506e-06,0.1588459509738854,0.9264821428571428,1.0,0.998,0.947,0.922625,0.818625,0.846375,0.95275,0.1588459509954763,0.15795331480951108,0.0008926361204752799,2.6805889223558563,0.25989388120696616,0.8898571428571429,0.997,0.979,0.887,0.848,0.766,0.808,0.944
57,8.217156947589897e-07,0.15915596883637564,0.9269107142857143,0.99975,0.997125,0.945125,0.925125,0.818625,0.848,0.954625,0.15915596893843445,0.15825937075620994,0.0008965981927509087,2.692487035240446,0.2616148844787718,0.8892857142857142,0.997,0.979,0.888,0.849,0.762,0.806,0.944
58,2.05569786813925e-07,0.1601990961943354,0.9263928571428571,0.99975,0.99725,0.949125,0.923,0.8205,0.841125,0.954,0.16019909622544323,0.15930220097116043,0.0008968952681378661,2.6933791544948305,0.2603657037898499,0.8897142857142857,0.997,0.98,0.891,0.849,0.759,0.808,0.944
59,0.0,0.15910129513059343,0.9271964285714286,0.999875,0.9975,0.94575,0.929125,0.818875,0.844875,0.954375,0.1591012952479775,0.15820561527973664,0.000895679886542244,2.6897293592521123,0.25993727801327726,0.8901428571428571,0.997,0.98,0.891,0.849,0.762,0.808,0.944
