epoch,lr,train_loss,train_acc,train_loss_total,train_loss_answer,train_loss_sparse,train_loss_entropy,train_loss_ponder,train_mean_steps,val_loss,val_acc
0,0.0009990232305719944,0.054941239895299074,0.988375,0.054941239895299074,0.03457321756866941,0.0014170880334168031,0.00021258063457207753,0.018738353798165918,1.873835422039032,0.02081385265290737,1.0
1,0.0009960967771506664,0.022279761346057057,1.0,0.022279761346057057,4.778939271784744e-06,1.69526260128805e-05,1.0989780884756328e-05,0.022247039997950198,2.2247040526866915,0.023514822974801064,1.0
0,0.0009990232305719944,0.054941239895299074,0.988375,0.054941239895299074,0.03457321756866941,0.0014170880334168031,0.00021258063457207753,0.018738353798165918,1.873835422039032,0.02081385265290737,1.0
1,0.0009960967771506664,0.022279761346057057,1.0,0.022279761346057057,4.778939271784744e-06,1.69526260128805e-05,1.0989780884756328e-05,0.022247039997950198,2.2247040526866915,0.023514822974801064,1.0
2,0.0009912321891107007,0.026746021755039692,1.0,0.026746021755039692,1.186484278392186e-06,5.758477298741127e-06,4.368560491002427e-06,0.026734708227217196,2.6734708802700045,0.027859755784273146,1.0
3,0.0009844486647586721,0.030397247601300477,0.997875,0.030397247601300477,0.008601070378858804,5.200623242546953e-05,6.638894923753469e-06,0.021737532276660206,2.173753279685974,0.013186744824051857,1.0
4,0.0009757729755661009,0.013165858425199985,1.0,0.013165858425199985,1.7399543819536234e-06,1.3291387618892258e-06,1.209418854841715e-06,0.013161579888314009,1.3161580185890198,0.01310152193158865,1.0
5,0.0009652393605146842,0.013036358084529638,1.0,0.013036358084529638,1.7698144307338736e-06,1.744879667285204e-06,1.5303881140198427e-06,0.013031313013285398,1.3031313319206237,0.012982861153781415,1.0
6,0.0009528893909706795,0.012916195152327418,1.0,0.012916195152327418,1.8790641061912083e-06,1.876083077718249e-06,1.6037478731050214e-06,0.012910836273804308,1.2910836567878723,0.012848644152283668,1.0
7,0.0009387718066217122,0.012795499203726649,1.0,0.012795499203726649,1.8581134325614813e-06,1.8603711217224373e-06,1.5697317571721214e-06,0.012790210977196693,1.2790211279392243,0.012739069148898125,1.0
8,0.0009229423231234972,0.012672395516186952,1.0,0.012672395516186952,1.9324592789118356e-06,1.7807594184091613e-06,1.4995708459650814e-06,0.012667182754725217,1.2667183032035827,0.012628321945667266,1.0
9,0.0009054634122155987,0.012585247419774532,1.0,0.012585247419774532,1.983957067528408e-06,1.985709225721166e-06,1.655030345261821e-06,0.01257962272502482,1.257962301492691,0.01246228515356779,1.0
10,0.0008864040551740153,0.012533020805567502,1.0,0.012533020805567502,2.010782805554001e-06,1.9055275532195991e-06,1.6046741930324515e-06,0.012527499847114086,1.252750014066696,0.012528590478003025,1.0
11,0.0008658394705735984,0.012527224540710449,1.0,0.012527224540710449,1.9008735897179107e-06,1.7304462747347315e-06,1.4735107603200959e-06,0.012522119695320726,1.2522119977474213,0.0125360998660326,1.0
12,0.0008438508174347006,0.12683859444223344,0.9735,0.12683859444223344,0.09696997530691956,0.0005034234853852126,0.00012582149501130858,0.02923937375470996,2.923937435388565,0.03542415508627891,1.0
13,0.000820524874925601,0.033601512655615805,1.0,0.033601512655615805,6.211438911122969e-06,0.0001167006480100099,5.7916066813049836e-05,0.033420684572309255,3.3420685307979583,0.03202502584457397,1.0
14,0.000795953699884774,0.031927361901849506,1.0,0.031927361901849506,5.698439664229227e-06,6.52505880134413e-05,3.6026020959980086e-05,0.03182038686051965,3.1820387604236604,0.03241694957017899,1.0
15,0.000770234263514603,0.040055879659950736,0.998875,0.040055879659950736,0.005474651920221732,0.00033152635794249364,7.500382797661587e-05,0.03417469745874405,3.4174698266983032,0.03824176123738289,1.0
16,0.0007434680686803488,0.03802889048680663,1.0,0.03802889048680663,1.1347840307280422e-05,5.015907405686448e-05,2.771208909325651e-05,0.03793967143446207,3.7939672288894655,0.037854617685079577,1.0
17,0.0007157607493247108,0.03691765797138214,1.0,0.03691765797138214,7.455049485542986e-06,1.7480793458162226e-05,1.1669771185552235e-05,0.03688105245307088,3.688105323791504,0.03511505457758903,1.0
18,0.0006872216535789154,0.031919176746159794,1.0,0.031919176746159794,5.736540437283111e-06,9.277798862058262e-06,6.756843437869975e-06,0.03189740554243326,3.1897406253814697,0.028746212333440782,1.0
19,0.0006579634122155987,0.026410490341484547,1.0,0.026410490341484547,4.9994433984466015e-06,7.367013385191967e-06,5.53832241530472e-06,0.026392585556954146,2.63925861120224,0.025160325706005095,1.0
20,0.0006281014941466028,0.024362222336232663,1.0,0.024362222336232663,5.542693688767031e-06,6.926449417733238e-06,5.255155886516149e-06,0.02434449803456664,2.434449856519699,0.023729195803403855,1.0
21,0.0005977537507199335,0.02333981458097696,1.0,0.02333981458097696,5.809781049720186e-06,6.844367379017058e-06,5.189229552343022e-06,0.023321971200406553,2.332197172641754,0.023010783344507218,1.0
22,0.0005670399506143305,0.022853696305304767,1.0,0.022853696305304767,5.678160167008172e-06,6.969707916141487e-06,5.26598227361319e-06,0.02283578244224191,2.283578299045563,0.023211659744381906,1.0
23,0.0005360813071670099,0.023446805339306594,1.0,0.023446805339306594,5.1165687646061995e-06,6.331315524221281e-06,4.848473131460196e-06,0.023430508974939583,2.3430509538650512,0.02352815856039524,1.0
24,0.0005049999999999998,0.02386016143485904,1.0,0.02386016143485904,4.598160091518366e-06,5.561827890232962e-06,4.374275426926033e-06,0.023845627181231975,2.3845627708435058,0.024713503569364546,1.0
25,0.0004739186928329897,0.026031851664185524,1.0,0.026031851664185524,3.8885695071257945e-06,4.773000266595773e-06,3.877561972331023e-06,0.026019312519580125,2.6019313111305236,0.027896154552698137,1.0
26,0.0004429600493856692,0.03082927082851529,1.0,0.03082927082851529,3.217900708932575e-06,4.191181972146296e-06,3.503005579659657e-06,0.03081835874542594,3.0818359460830687,0.03459012332558632,1.0
27,0.0004122462492800661,0.045966539539396764,1.0,0.045966539539396764,2.5584804152458673e-06,6.077153081832876e-06,3.826141299896335e-06,0.04595407778024673,4.595407881736755,0.04995000058412552,1.0
28,0.0003818985058533967,0.04897836548089981,1.0,0.04897836548089981,2.4842290449669235e-06,3.330425675812876e-06,2.9185249550209845e-06,0.04896963235735893,4.89696334028244,0.048719672977924344,1.0
29,0.00035203658778440103,0.046765293262898924,1.0,0.046765293262898924,2.7847848209603397e-06,3.7834357808606e-06,3.2704418999855988e-06,0.046755454633384944,4.675545568466187,0.04627373322844505,1.0
30,0.00032277834642108444,0.04505673648044467,1.0,0.04505673648044467,3.0256168297455587e-06,3.7732753180534927e-06,3.268132650646294e-06,0.045046669509261845,4.504667049407959,0.045326823711395264,1.0
31,0.0002942392506752889,0.06896680061519146,0.99725,0.06896680061519146,0.0220849130689262,8.568842069962556e-06,5.202968696721655e-06,0.04686811546608806,4.686811649799347,0.04720587688684463,1.0
32,0.00026653193131965077,0.04788491901010275,1.0,0.04788491901010275,4.1373730459781654e-06,3.962695706832165e-06,3.3674854237233375e-06,0.04787345141172409,4.787345243930817,0.048009950697422026,1.0
33,0.00023976573648539642,0.04767883427813649,1.0,0.04767883427813649,3.153572671180882e-06,3.603731157909351e-06,3.1254564196387945e-06,0.04766895152255893,4.766895255565643,0.04741061869263649,1.0
34,0.00021404630011522574,0.04711007982492447,1.0,0.04711007982492447,2.9196101686466135e-06,3.497491802590957e-06,3.0594210547860714e-06,0.0471006032936275,4.710060442924499,0.046471861839294436,1.0
35,0.00018947512507439847,0.04636545619368553,1.0,0.04636545619368553,2.8487403706094483e-06,3.4298425598535687e-06,3.012379469055304e-06,0.04635616528987885,4.635616634845734,0.04623368605971336,1.0
36,0.000166149182565299,0.046241583246737716,1.0,0.046241583246737716,2.837475100022857e-06,3.4574043615975823e-06,3.035534620721592e-06,0.04623225289210677,4.623225390434265,0.04619306144118309,1.0
37,0.00014416052942640132,0.04617628495395183,1.0,0.04617628495395183,2.862851747067907e-06,3.4980840091520805e-06,3.0663508400721185e-06,0.04616685762628913,4.616685868263245,0.04617114493250847,1.0
38,0.00012359594482598432,0.04612832686305046,1.0,0.04612832686305046,2.890716862111731e-06,3.5357953397578965e-06,3.0936421285332473e-06,0.04611880674213171,4.611880775928498,0.04611185136437416,1.0
39,0.00010453658778440102,0.0460448150895536,1.0,0.0460448150895536,2.9331701880437323e-06,3.54355308581944e-06,3.098338106610754e-06,0.04603523992374539,4.6035240955352785,0.04594062951207161,1.0
40,8.70576768765026e-05,0.04597338772937656,1.0,0.04597338772937656,2.97960214311388e-06,3.5477479045766813e-06,3.099853272033215e-06,0.04596376045420766,4.596376149177551,0.04602399328351021,1.0
41,7.12281933782875e-05,0.04589524026215076,1.0,0.04589524026215076,3.022904800673132e-06,3.556801551440003e-06,3.1033829600346507e-06,0.04588555713370442,4.588555811882019,0.04591179367899895,1.0
42,5.71106090293204e-05,0.04587607399374247,1.0,0.04587607399374247,3.056283337627974e-06,3.492391771032999e-06,3.055029762435879e-06,0.04586647027730942,4.5866471214294435,0.045620130240917205,1.0
43,4.4760639485315563e-05,0.045795212849974634,1.0,0.045795212849974634,3.0973657007962176e-06,3.524705626659852e-06,3.078173119320127e-06,0.04578551256656647,4.578551352977753,0.04589364543557167,1.0
44,3.422702443389899e-05,0.04579421017318964,1.0,0.04579421017318964,3.119538562714297e-06,3.495011318591423e-06,3.05170351293782e-06,0.045784543924033645,4.578454494953156,0.045131802082061766,1.0
45,2.5551335241327665e-05,0.04575427408516407,1.0,0.04575427408516407,3.1368238464892785e-06,3.4912904079646976e-06,3.0500520770146977e-06,0.0457445959597826,4.574459696769714,0.04564868316054344,1.0
46,1.876781088929908e-05,0.045792746681720016,1.0,0.045792746681720016,3.155107494421827e-06,3.4331942506469203e-06,3.0083580054451885e-06,0.04578314997628331,4.57831510257721,0.04579434117674828,1.0
47,1.3903222849333505e-05,0.04578014868497848,1.0,0.04578014868497848,3.171901048062864e-06,3.444471852617426e-06,3.015524616330367e-06,0.04577051676437259,4.57705177783966,0.04579030454158783,1.0
48,1.0976769428005579e-05,0.045794118113815785,1.0,0.045794118113815785,3.1832407948968468e-06,3.446484080541268e-06,3.0153605293889997e-06,0.04578447302430868,4.578447402477265,0.045771413117647174,1.0
49,1e-05,0.045790439140051604,1.0,0.045790439140051604,3.1841050422372065e-06,3.466868290615821e-06,3.029100833373377e-06,0.04578075902909041,4.578076006412506,0.04592064729332924,1.0
