epoch,lr,train_loss,train_acc,train_loss_total,train_loss_answer,val_loss,val_acc
0,0.0009990232305719944,0.6439151906371117,0.60875,0.6439151906371117,0.6439151906371117,0.583416184425354,0.676
1,0.0009960967771506664,0.5149668909609317,0.737875,0.5149668909609317,0.5149668909609317,0.23929703891277312,0.908
2,0.0009912321891107007,0.3385912076206878,0.87525,0.3385912076206878,0.3385912076206878,0.10868988953530788,0.955
3,0.0009844486647586721,0.35321216350095347,0.884625,0.35321216350095347,0.35321216350095347,0.18153615238517523,0.935
4,0.0009757729755661009,0.3129721778086387,0.902125,0.3129721778086387,0.3129721778086387,0.1447997770011425,0.936
5,0.0009652393605146842,0.30356760739092714,0.907625,0.30356760739092714,0.30356760739092714,1.201295603990555,0.78
6,0.0009528893909706795,0.27988091223686934,0.91975,0.27988091223686934,0.27988091223686934,0.5109036628007889,0.842
7,0.0009387718066217122,0.24648044209746878,0.925625,0.24648044209746878,0.24648044209746878,0.06671268349885941,0.976
8,0.0009229423231234972,0.2552986054016219,0.928125,0.2552986054016219,0.2552986054016219,0.1270189814986661,0.964
9,0.0009054634122155987,0.2409943160514813,0.933375,0.2409943160514813,0.2409943160514813,0.5734832991361618,0.86
10,0.0008864040551740153,0.23263492289773421,0.93525,0.23263492289773421,0.23263492289773421,0.5015762748420238,0.866
11,0.0008658394705735984,0.2309116254524997,0.937,0.2309116254524997,0.2309116254524997,0.5520507407225669,0.869
12,0.0008438508174347006,0.20905113931139932,0.942125,0.20905113931139932,0.20905113931139932,0.1916689539551735,0.924
13,0.000820524874925601,0.23048801186180207,0.93675,0.23048801186180207,0.23048801186180207,0.0868725074660033,0.966
14,0.000795953699884774,0.2003146731734305,0.948125,0.2003146731734305,0.2003146731734305,0.18736017426848411,0.94
15,0.000770234263514603,0.195840731234508,0.944625,0.195840731234508,0.195840731234508,0.09802686994895339,0.968
16,0.0007434680686803488,0.17531125770296785,0.94775,0.17531125770296785,0.17531125770296785,0.05477096389606595,0.979
17,0.0007157607493247108,0.18366194019583054,0.954375,0.18366194019583054,0.18366194019583054,0.2049447428076528,0.959
18,0.0006872216535789154,0.19796930798204265,0.9535,0.19796930798204265,0.19796930798204265,0.05439205711393152,0.985
19,0.0006579634122155987,0.16656769800843177,0.96525,0.16656769800843177,0.16656769800843177,0.38523612423054876,0.922
20,0.0006281014941466028,0.20212108513003477,0.9445,0.20212108513003477,0.20212108513003477,0.1447986252408009,0.958
21,0.0005977537507199335,0.13559557624925764,0.967375,0.13559557624925764,0.13559557624925764,0.19573852516699117,0.949
22,0.0005670399506143305,0.14055885545495858,0.966375,0.14055885545495858,0.14055885545495858,0.4639157484495372,0.922
23,0.0005360813071670099,0.18089227317582846,0.958625,0.18089227317582846,0.18089227317582846,0.115276286451146,0.963
24,0.0005049999999999998,0.17564161205900017,0.9585,0.17564161205900017,0.17564161205900017,0.09414353783102707,0.967
25,0.0004739186928329897,0.14106309241086273,0.96675,0.14106309241086273,0.14106309241086273,0.5208703851595056,0.905
26,0.0004429600493856692,0.1439301354752006,0.967,0.1439301354752006,0.1439301354752006,0.35539400629815643,0.931
27,0.0004122462492800661,0.15260223184703864,0.9625,0.15260223184703864,0.15260223184703864,0.0585793788091396,0.985
28,0.0003818985058533967,0.1430475214440812,0.96775,0.1430475214440812,0.1430475214440812,0.14990778197959298,0.967
29,0.00035203658778440103,0.11948968568908094,0.971625,0.11948968568908094,0.11948968568908094,0.041923409166163765,0.985
30,0.00032277834642108444,0.14507102020124513,0.9675,0.14507102020124513,0.14507102020124513,0.13370225974940694,0.964
31,0.0002942392506752889,0.11655215563832098,0.973,0.11655215563832098,0.11655215563832098,0.024799733192427086,0.992
32,0.00026653193131965077,0.10015130091608854,0.97925,0.10015130091608854,0.10015130091608854,0.032653375297930325,0.99
33,0.00023976573648539642,0.08654497089143262,0.981375,0.08654497089143262,0.08654497089143262,0.39066510270403526,0.94
34,0.00021404630011522574,0.10346178589960892,0.978625,0.10346178589960892,0.10346178589960892,0.027814644248224794,0.993
35,0.00018947512507439847,0.0692336509399056,0.985,0.0692336509399056,0.0692336509399056,0.02277925821075405,0.993
36,0.000166149182565299,0.06839254162101474,0.984625,0.06839254162101474,0.06839254162101474,0.026603695348396288,0.994
0,0.0009990232305719944,0.6439151906371117,0.60875,0.6439151906371117,0.6439151906371117,0.583416184425354,0.676
1,0.0009960967771506664,0.5149668909609317,0.737875,0.5149668909609317,0.5149668909609317,0.23929703891277312,0.908
2,0.0009912321891107007,0.3385912076206878,0.87525,0.3385912076206878,0.3385912076206878,0.10868988953530788,0.955
3,0.0009844486647586721,0.35321216350095347,0.884625,0.35321216350095347,0.35321216350095347,0.18153615238517523,0.935
4,0.0009757729755661009,0.3129721778086387,0.902125,0.3129721778086387,0.3129721778086387,0.1447997770011425,0.936
5,0.0009652393605146842,0.30356760739092714,0.907625,0.30356760739092714,0.30356760739092714,1.201295603990555,0.78
6,0.0009528893909706795,0.27988091223686934,0.91975,0.27988091223686934,0.27988091223686934,0.5109036628007889,0.842
7,0.0009387718066217122,0.24648044209746878,0.925625,0.24648044209746878,0.24648044209746878,0.06671268349885941,0.976
8,0.0009229423231234972,0.2552986054016219,0.928125,0.2552986054016219,0.2552986054016219,0.1270189814986661,0.964
9,0.0009054634122155987,0.2409943160514813,0.933375,0.2409943160514813,0.2409943160514813,0.5734832991361618,0.86
10,0.0008864040551740153,0.23263492289773421,0.93525,0.23263492289773421,0.23263492289773421,0.5015762748420238,0.866
11,0.0008658394705735984,0.2309116254524997,0.937,0.2309116254524997,0.2309116254524997,0.5520507407225669,0.869
12,0.0008438508174347006,0.20905113931139932,0.942125,0.20905113931139932,0.20905113931139932,0.1916689539551735,0.924
13,0.000820524874925601,0.23048801186180207,0.93675,0.23048801186180207,0.23048801186180207,0.0868725074660033,0.966
14,0.000795953699884774,0.2003146731734305,0.948125,0.2003146731734305,0.2003146731734305,0.18736017426848411,0.94
15,0.000770234263514603,0.195840731234508,0.944625,0.195840731234508,0.195840731234508,0.09802686994895339,0.968
16,0.0007434680686803488,0.17531125770296785,0.94775,0.17531125770296785,0.17531125770296785,0.05477096389606595,0.979
17,0.0007157607493247108,0.18366194019583054,0.954375,0.18366194019583054,0.18366194019583054,0.2049447428076528,0.959
18,0.0006872216535789154,0.19796930798204265,0.9535,0.19796930798204265,0.19796930798204265,0.05439205711393152,0.985
19,0.0006579634122155987,0.16656769800843177,0.96525,0.16656769800843177,0.16656769800843177,0.38523612423054876,0.922
20,0.0006281014941466028,0.20212108513003477,0.9445,0.20212108513003477,0.20212108513003477,0.1447986252408009,0.958
21,0.0005977537507199335,0.13559557624925764,0.967375,0.13559557624925764,0.13559557624925764,0.19573852516699117,0.949
22,0.0005670399506143305,0.14055885545495858,0.966375,0.14055885545495858,0.14055885545495858,0.4639157484495372,0.922
23,0.0005360813071670099,0.18089227317582846,0.958625,0.18089227317582846,0.18089227317582846,0.115276286451146,0.963
24,0.0005049999999999998,0.17564161205900017,0.9585,0.17564161205900017,0.17564161205900017,0.09414353783102707,0.967
25,0.0004739186928329897,0.14106309241086273,0.96675,0.14106309241086273,0.14106309241086273,0.5208703851595056,0.905
26,0.0004429600493856692,0.1439301354752006,0.967,0.1439301354752006,0.1439301354752006,0.35539400629815643,0.931
27,0.0004122462492800661,0.15260223184703864,0.9625,0.15260223184703864,0.15260223184703864,0.0585793788091396,0.985
28,0.0003818985058533967,0.1430475214440812,0.96775,0.1430475214440812,0.1430475214440812,0.14990778197959298,0.967
29,0.00035203658778440103,0.11948968568908094,0.971625,0.11948968568908094,0.11948968568908094,0.041923409166163765,0.985
30,0.00032277834642108444,0.14507102020124513,0.9675,0.14507102020124513,0.14507102020124513,0.13370225974940694,0.964
31,0.0002942392506752889,0.11655215563832098,0.973,0.11655215563832098,0.11655215563832098,0.024799733192427086,0.992
32,0.00026653193131965077,0.10015130091608854,0.97925,0.10015130091608854,0.10015130091608854,0.032653375297930325,0.99
33,0.00023976573648539642,0.08654497089143262,0.981375,0.08654497089143262,0.08654497089143262,0.39066510270403526,0.94
34,0.00021404630011522574,0.10346178589960892,0.978625,0.10346178589960892,0.10346178589960892,0.027814644248224794,0.993
35,0.00018947512507439847,0.0692336509399056,0.985,0.0692336509399056,0.0692336509399056,0.02277925821075405,0.993
36,0.000166149182565299,0.06839254162101474,0.984625,0.06839254162101474,0.06839254162101474,0.026603695348396288,0.994
37,0.00014416052942640132,0.056959350421504726,0.988125,0.056959350421504726,0.056959350421504726,0.023498736325302163,0.991
38,0.00012359594482598432,0.06772190516264687,0.987125,0.06772190516264687,0.06772190516264687,0.0396175872608801,0.991
39,0.00010453658778440102,0.05846129417713791,0.987875,0.05846129417713791,0.05846129417713791,0.03698558310735098,0.991
40,8.70576768765026e-05,0.05429906338775186,0.988875,0.05429906338775186,0.05429906338775186,0.08163371506777184,0.981
41,7.12281933782875e-05,0.045914898823573365,0.990625,0.045914898823573365,0.045914898823573365,0.009055422830238967,0.997
42,5.71106090293204e-05,0.026752756813444762,0.994,0.026752756813444762,0.026752756813444762,0.01591270908611932,0.995
43,4.4760639485315563e-05,0.02537719481937492,0.994375,0.02537719481937492,0.02537719481937492,0.013687053856960348,0.997
44,3.422702443389899e-05,0.008209785839406621,0.998375,0.008209785839406621,0.008209785839406621,0.01279992647384438,0.998
45,2.5551335241327665e-05,0.008800120760601672,0.998125,0.008800120760601672,0.008800120760601672,0.01973312971723101,0.994
46,1.876781088929908e-05,0.0026561860582226837,0.99925,0.0026561860582226837,0.0026561860582226837,0.03836039122904572,0.993
47,1.3903222849333505e-05,0.0017717797270966305,0.999625,0.0017717797270966305,0.0017717797270966305,0.011024180163268766,0.998
48,1.0976769428005579e-05,0.0030467586544752584,0.99925,0.0030467586544752584,0.0030467586544752584,0.012127468902088311,0.997
49,1e-05,0.001582902543952013,0.99975,0.001582902543952013,0.001582902543952013,0.014332145446895239,0.997
