epoch,lr,train_loss,train_acc,train_acc_turn_1,train_acc_turn_2,train_acc_turn_3,train_acc_turn_4,train_acc_turn_5,train_loss_total,train_loss_answer,train_loss_sparse,train_loss_entropy,train_loss_ponder,train_mean_steps,train_loss_write_sparse,train_write_gate_mean,val_loss,val_acc,val_acc_turn_1,val_acc_turn_2,val_acc_turn_3,val_acc_turn_4,val_acc_turn_5
0,0.0004995066821070679,0.37694687503178914,0.8279333333333333,0.8836666666666667,0.878,0.8513333333333334,0.758,0.7686666666666667,0.3769468743513028,0.3575620448651413,0.00498450032385687,0.000667488397564739,0.01373284074962139,1.3732841054280598,0.0,0.6281149333794912,0.3271397580742836,0.8736,0.896,0.896,0.874,0.858,0.844
1,0.0004980286753286195,0.2639341996987661,0.8956666666666667,0.9746666666666667,0.9213333333333333,0.8843333333333333,0.8466666666666667,0.8513333333333334,0.2639341994206111,0.24164531980560472,0.0044134585622698065,0.0006687596958441039,0.017206661604344843,1.7206661998112995,0.0,0.7406661631902058,0.2294030681490898,0.9136,0.994,0.926,0.918,0.878,0.852
2,0.0004955718126821722,0.2443488444407781,0.9052666666666667,0.975,0.9426666666666667,0.8926666666666667,0.855,0.861,0.24434884520173072,0.221589500501294,0.004302767401436964,0.0006668497716387113,0.017789727505544823,1.7789727917989095,0.0,0.7516238094011942,0.24929962129592895,0.904,0.954,0.938,0.904,0.866,0.858
3,0.0004921457902821578,0.21616830919583638,0.9166666666666666,0.9776666666666667,0.957,0.914,0.8706666666666667,0.864,0.21616830929617087,0.1942539966977073,0.0040358805410563945,0.0006582124675003191,0.0172202194750309,1.7220219841639202,0.0,0.717611766688029,0.14689837956130505,0.944,1.0,0.962,0.94,0.934,0.884
4,0.00048776412907378846,0.17464313808282217,0.9350666666666667,0.9813333333333333,0.9703333333333334,0.9343333333333333,0.8993333333333333,0.89,0.1746431377540032,0.15373627336031945,0.0037278286567578715,0.0006413807018349568,0.016537654931346575,1.6537655305862426,0.0,0.7290869950294495,0.1507885978013277,0.9452,0.978,0.972,0.942,0.948,0.886
5,0.0004824441214720629,0.1737723339319229,0.9335333333333333,0.9796666666666667,0.9663333333333334,0.932,0.904,0.8856666666666667,0.17377233381172022,0.15415719987325036,0.0033875507970650993,0.0006198805537385245,0.015607702718675136,1.5607703053792317,0.0,0.6983443542003631,0.15522195249199866,0.9404,0.966,0.968,0.926,0.948,0.894
6,0.00047620676311650495,0.1592202127456665,0.9414666666666667,0.983,0.9746666666666667,0.9433333333333334,0.9116666666666666,0.8946666666666667,0.1592202126885454,0.14004574357740818,0.0030212313044816258,0.0005875556481070817,0.015565681839982668,1.5565682186762493,0.0,0.7247984859466553,0.11710373336076736,0.9556,0.984,0.982,0.95,0.94,0.922
7,0.0004690766700109659,0.16574141108989715,0.9386,0.9776666666666667,0.9776666666666667,0.9433333333333334,0.9096666666666666,0.8846666666666667,0.1657414116770029,0.14775277196352207,0.002622797138864795,0.000550244857557118,0.014815597974757353,1.4815598316192626,0.0,0.7343629940986633,0.1384852385163307,0.95,0.962,0.978,0.956,0.946,0.908
8,0.00046108198137550377,0.15483015593687693,0.9420666666666667,0.982,0.972,0.9423333333333334,0.9133333333333333,0.9006666666666666,0.1548301562214891,0.13719153663118222,0.0022622064830114443,0.000511204204397897,0.014865209122995536,1.4865209460576376,0.0,0.750405464998881,0.12268221057057381,0.9544,0.97,0.972,0.966,0.95,0.914
9,0.0004522542485937368,0.1518460884332657,0.9424666666666667,0.986,0.9753333333333334,0.945,0.9126666666666666,0.8933333333333333,0.15184608875413735,0.13410271595234083,0.0019648139953613282,0.0004710335648773859,0.015307525272667408,1.530752563349406,0.0,0.7723912666002909,0.1340809705287218,0.9508,0.98,0.976,0.948,0.938,0.912
10,0.00044262831069394727,0.18017866189082463,0.9312666666666667,0.9793333333333333,0.9693333333333334,0.93,0.9,0.8776666666666667,0.1801786614259084,0.1609673520421477,0.0021385801618608335,0.0004931293877928208,0.014885756498078506,1.488575681622823,0.0016938433496784683,0.16938433881921228,0.13381238178908825,0.9484,0.984,0.978,0.934,0.938,0.908
11,0.0004322421568553528,0.1641492201844851,0.9362666666666667,0.9806666666666667,0.9746666666666667,0.9393333333333334,0.9063333333333333,0.8803333333333333,0.16414921956658363,0.14674811601201643,0.002431194440399607,0.0005227891481171051,0.014400634890298048,1.4400635230382284,4.648547500724097e-05,0.004648547596588469,0.12470751089751721,0.9528,0.988,0.986,0.942,0.93,0.918
12,0.00042113677648217214,0.1786769503513972,0.9314,0.9826666666666667,0.9703333333333334,0.9456666666666667,0.8833333333333333,0.875,0.17867695100257794,0.16141353835383826,0.002469700378055374,0.000529920913449799,0.014247170307238897,1.424717063331604,1.6620673020790377e-05,0.0016620673377619824,0.12909517093002795,0.9524,0.992,0.98,0.96,0.926,0.904
13,0.0004093559974371724,0.15808699639638266,0.9385333333333333,0.9863333333333333,0.9776666666666667,0.94,0.899,0.8896666666666667,0.15808699678728977,0.1407760082405351,0.0023694899167865514,0.0005195349905950327,0.01441334192554156,1.4413342236200968,8.621775364024841e-06,0.0008621775580349701,0.15150561671704055,0.934,0.986,0.966,0.932,0.914,0.872
14,0.0003969463130731183,0.1516388462781906,0.9439333333333333,0.986,0.9786666666666667,0.946,0.908,0.901,0.15163884653796753,0.13404867657780586,0.0022265005727608997,0.0005040631114505231,0.014854709178209306,1.485470952161153,4.896829053316765e-06,0.0004896829169608888,0.12602022414058447,0.9544,0.996,0.984,0.942,0.94,0.91
15,0.0003839566987447491,0.15005894180933635,0.9442666666666667,0.986,0.9813333333333333,0.9456666666666667,0.9096666666666666,0.8986666666666666,0.1500589419911305,0.13212590943601976,0.002126484489130477,0.0004923857097203533,0.01530977530827125,1.5309775661468505,4.387146090652057e-06,0.00043871461737216277,0.15310694846212863,0.9424,0.988,0.986,0.95,0.922,0.866
16,0.0003704384185254288,0.15376518791119256,0.9445333333333333,0.9873333333333333,0.9776666666666667,0.951,0.9123333333333333,0.8943333333333333,0.15376518802742165,0.13582843823376856,0.002134294011009236,0.0004986596842917303,0.015300448599457742,1.5300448942184448,3.347565166240285e-06,0.00033475652444119866,0.1282266452550888,0.9496,0.992,0.966,0.95,0.922,0.918
17,0.0003564448228912681,0.1483622993071874,0.9438,0.9893333333333333,0.981,0.951,0.9063333333333333,0.8913333333333333,0.14836229899724324,0.13048809430516312,0.002103538875033458,0.0004947425715004405,0.01527284751633803,1.527284784634908,3.076222925215899e-06,0.0003076222982485132,0.13078891819417476,0.9548,1.0,0.982,0.96,0.93,0.902
18,0.00034203113817116946,0.15026128902435304,0.9451333333333334,0.9886666666666667,0.9786666666666667,0.949,0.9163333333333333,0.893,0.1502612890313069,0.13216025771552165,0.0020296564005936185,0.0004871720481198281,0.015582421892881393,1.5582422260920206,1.7815729221113815e-06,0.00017815729606205963,0.11920588822066784,0.9528,0.996,0.984,0.964,0.924,0.896
19,0.00032725424859373676,0.14919226392904916,0.9429333333333333,0.9836666666666667,0.977,0.9496666666666667,0.9116666666666666,0.8926666666666667,0.14919226351082324,0.13125650972408953,0.002017898705229163,0.0004863630158671488,0.015429315088192622,1.5429315433502198,2.1774502615035113e-06,0.0002177450328360112,0.15283016513586045,0.9384,0.996,0.972,0.95,0.918,0.856
20,0.00031217247179121356,0.13562304117679597,0.9501333333333334,0.9906666666666667,0.983,0.9506666666666667,0.9296666666666666,0.8966666666666666,0.13562304068903128,0.11702368965461078,0.0018996280995508036,0.00046861964074584346,0.016229694867134093,1.622969523048401,1.409257510173774e-06,0.0001409257531996898,0.21946580752432346,0.9144,1.0,0.946,0.926,0.888,0.812
21,0.0002968453286464311,0.1442916855017344,0.9482,0.9923333333333333,0.9803333333333333,0.9526666666666667,0.921,0.8946666666666667,0.14429168472836415,0.125986720034917,0.0018680715597545108,0.00046462389233832557,0.01597073519875606,1.5970735558827718,1.5346431074852972e-06,0.00015346431435630945,0.12451895733475685,0.9504,0.992,0.98,0.958,0.932,0.89
22,0.000281333308391076,0.1414910397529602,0.9462666666666667,0.989,0.9846666666666667,0.9476666666666667,0.9216666666666666,0.8883333333333333,0.1414910398721695,0.12349420596102824,0.0018597178580239415,0.0004647283971620103,0.015670951579511167,1.5670951932907105,1.4366269972475449e-06,0.00014366270311031538,0.1151230889737606,0.9584,0.984,0.98,0.964,0.948,0.916
23,0.0002656976298823283,0.14748355100949606,0.9468,0.9913333333333333,0.979,0.9536666666666667,0.9163333333333333,0.8936666666666667,0.14748355112572512,0.1293833178412797,0.0019166779689490795,0.0004733221589587629,0.015709204413493473,1.5709204778671264,1.0291741246082802e-06,0.00010291741481281851,0.11165517174601555,0.9576,0.984,0.982,0.964,0.95,0.908
24,0.0002499999999999999,0.13201529246171315,0.9516666666666667,0.989,0.9853333333333333,0.95,0.9333333333333333,0.9006666666666666,0.13201529250393312,0.1138513239074891,0.0018783914356802901,0.00046730698516281945,0.015817432579398154,1.5817432955423991,8.379431938944451e-07,8.379432044592522e-05,0.11591736571192741,0.9572,0.986,0.994,0.958,0.936,0.912
25,0.00023430237011767157,0.1309834987560908,0.9516,0.992,0.9866666666666667,0.9516666666666667,0.9256666666666666,0.902,0.13098349934120973,0.11291494895343869,0.001823457400687039,0.0004599366836094608,0.01578422502775987,1.5784225387573243,9.313730747710397e-07,9.313730921233351e-05,0.1227347492814064,0.954,1.0,0.986,0.952,0.93,0.902
26,0.00021866669160892387,0.12969743563334146,0.9517333333333333,0.9916666666666667,0.9873333333333333,0.9553333333333334,0.9273333333333333,0.897,0.12969743584096433,0.11112670171261346,0.0017449270714695255,0.00044830033991796276,0.016377088845769563,1.6377089214324951,4.176583105569439e-07,4.176583176285501e-05,0.1366108206242323,0.9472,1.0,0.982,0.948,0.906,0.9
27,0.00020315467135356878,0.1277546108007431,0.9544,0.9916666666666667,0.989,0.9496666666666667,0.9283333333333333,0.9133333333333333,0.1277546111052235,0.10874281587406077,0.0016812675788998603,0.00043931015642980736,0.016890551301340262,1.689055167388916,6.66189463137392e-07,6.661894818630855e-05,0.1607984144717455,0.9404,0.986,0.974,0.938,0.92,0.884
28,0.00018782752820878623,0.1281740532517433,0.9533333333333334,0.993,0.986,0.951,0.9276666666666666,0.909,0.12817405315190553,0.10919661307528943,0.0016129869327570002,0.00042992169594702624,0.01693412648042043,1.6934126855214438,4.049640732457747e-07,4.0496408448797225e-05,0.1342226533472538,0.9476,0.986,0.986,0.964,0.916,0.886
29,0.00017274575140626317,0.13632268222967783,0.9506,0.9933333333333333,0.9863333333333333,0.95,0.921,0.9023333333333333,0.13632268225252628,0.11716908429925676,0.001606142110005021,0.0004276328842776517,0.017119581175843876,1.7119581558863322,2.420531695136917e-07,2.4205317318018185e-05,0.12175257327258587,0.9548,0.996,0.988,0.966,0.926,0.898
30,0.00015796886182883053,0.13550703063011169,0.9515333333333333,0.9953333333333333,0.9866666666666667,0.95,0.9163333333333333,0.9093333333333333,0.13550703030278285,0.11589316728839193,0.0015614539259423811,0.00042071599202851456,0.01763110682864984,1.7631107229232788,5.867747077698936e-07,5.8677471746610906e-05,0.15336376207768918,0.9452,0.996,0.98,0.946,0.91,0.894
31,0.00014355517710873178,0.13540010782877604,0.9511333333333334,0.9916666666666667,0.989,0.953,0.92,0.902,0.13540010803292196,0.11537916490044697,0.0015433450597648818,0.0004176300890433292,0.018059566814204057,1.8059567223230997,4.013425280549467e-07,4.013425477648152e-05,0.14402324405014516,0.9468,0.988,0.992,0.95,0.912,0.892
32,0.0001295615814745711,0.13765637923081717,0.9496666666666667,0.993,0.986,0.948,0.9166666666666666,0.9046666666666666,0.1376563788468639,0.11745023109409096,0.0015433211614067355,0.000416943558336546,0.018245585706830023,1.8245586111704508,2.970583003743631e-07,2.9705830252113473e-05,0.16163775942623615,0.9436,1.0,0.974,0.938,0.912,0.894
33,0.00011604330125525073,0.12902746090888978,0.9533333333333334,0.9963333333333333,0.9876666666666667,0.9536666666666667,0.9206666666666666,0.9083333333333333,0.1290274610241254,0.10865175137156084,0.0015203450388585529,0.00041220495278636613,0.018442948759098847,1.8442949165344238,2.1080801700125247e-07,2.1080802076582636e-05,0.13218059380352498,0.9536,1.0,0.986,0.956,0.924,0.902
34,0.00010305368692688169,0.13394097324212392,0.9502,0.994,0.9866666666666667,0.9513333333333334,0.9143333333333333,0.9046666666666666,0.13394097316811482,0.11325385391993287,0.0015223128776376447,0.00041250673273267844,0.018751937394837537,1.8751937803904215,3.624657104575282e-07,3.624657131647802e-05,0.15359304365217685,0.938,0.988,0.976,0.942,0.892,0.892
35,9.064400256282751e-05,0.13205076448917388,0.9508666666666666,0.9966666666666667,0.9893333333333333,0.9483333333333334,0.914,0.906,0.13205076451251904,0.11131609184655111,0.0015277075343454877,0.00041278676103490095,0.01879394040753444,1.8793940817515056,2.377183647204821e-07,2.3771837053248502e-05,0.13036177677810193,0.9504,0.988,0.976,0.96,0.924,0.904
36,7.886322351782778e-05,0.1278552099943161,0.9551333333333333,0.9983333333333333,0.9896666666666667,0.956,0.924,0.9076666666666666,0.12785521020938953,0.1070871225001828,0.0015114723504210511,0.0004096937929124882,0.01884683856119712,1.8846838967005413,8.283756168346968e-08,8.283756646651093e-06,0.12823030293285848,0.954,0.984,0.996,0.964,0.926,0.9
37,6.775784314464713e-05,0.1263588962316513,0.9531333333333334,0.9973333333333333,0.99,0.9556666666666667,0.9203333333333333,0.9023333333333333,0.12635889618943136,0.10545289089836457,0.001473433830961585,0.0004035308067376415,0.019028786138196786,1.9028786555608113,2.5447411331215167e-07,2.544741103743393e-05,0.12187918312251568,0.9556,1.0,0.99,0.964,0.934,0.89
38,5.737168930605268e-05,0.12980409166018167,0.9512666666666667,0.998,0.989,0.9513333333333334,0.921,0.897,0.12980409105618795,0.10855273297455834,0.001498372034666439,0.00040646060846435527,0.019346119579672815,1.9346119991938273,4.058569653303983e-07,4.0585696803361e-05,0.12541541206240653,0.952,1.0,0.988,0.958,0.928,0.886
39,4.774575140626313e-05,0.13198328873316448,0.9526666666666667,0.9973333333333333,0.9896666666666667,0.9506666666666667,0.9176666666666666,0.908,0.1319832885781924,0.11069172071397687,0.0014965494006872178,0.0004063582488335669,0.019388507962723574,1.938850838915507,1.5212819989291914e-07,1.5212820164227617e-05,0.13155320731699466,0.9516,1.0,0.984,0.962,0.92,0.892
40,3.891801862449626e-05,0.12291354386806488,0.9568,0.9986666666666667,0.9926666666666667,0.9603333333333334,0.93,0.9023333333333333,0.12291354364653428,0.10151021677823298,0.0014843756874091923,0.0004035095530717323,0.019515255510807038,1.9515255963643392,1.859847571226162e-07,1.8598476217166135e-05,0.13393053467571736,0.9504,1.0,0.988,0.956,0.924,0.884
41,3.0923329989034086e-05,0.1289635201970736,0.9526666666666667,0.999,0.9913333333333333,0.9546666666666667,0.92,0.8983333333333333,0.1289635202238957,0.10745349848370153,0.001489780930057168,0.0004040860935735206,0.019615929791331293,1.9615930219650268,2.251900836918983e-07,2.251900919592622e-05,0.13288758338689804,0.9508,1.0,0.99,0.962,0.918,0.884
42,2.3793236883495147e-05,0.12666331159273783,0.9558,0.9993333333333333,0.992,0.9576666666666667,0.9213333333333333,0.9086666666666666,0.12666331120580435,0.10509595268847605,0.001493201811487476,0.00040447263854245346,0.019669374274710813,1.9669374720891317,3.097401067466993e-07,3.0974011140337566e-05,0.14966537126600743,0.9448,1.0,0.99,0.96,0.906,0.868
43,1.7555878527937153e-05,0.13064444494247437,0.9547333333333333,0.999,0.9893333333333333,0.954,0.9206666666666666,0.9106666666666666,0.13064444505423306,0.10894914809481072,0.0014866483312721054,0.00040337472980221114,0.019805120977759362,1.980512140528361,1.5312322031753764e-07,1.531232198502522e-05,0.13955460209548473,0.9472,1.0,0.986,0.96,0.914,0.876
44,1.2235870926211609e-05,0.12972371970017751,0.9544,0.999,0.9903333333333333,0.9503333333333334,0.9236666666666666,0.9086666666666666,0.12972371973395347,0.10798372068679725,0.0014858179753025373,0.0004032923973941555,0.01985074963072936,1.9850750071207681,1.3931372031789267e-07,1.39313727463358e-05,0.1387650129288435,0.9496,1.0,0.988,0.96,0.924,0.876
45,7.854209717842254e-06,0.1329553862730662,0.9534,0.9996666666666667,0.991,0.9523333333333334,0.923,0.901,0.1329553865422805,0.11114786689160655,0.0014862992793321609,0.00040312210094804567,0.019917971385022003,1.9917971839904784,1.269517356161633e-07,1.2695173872631314e-05,0.1393307785600424,0.9444,1.0,0.986,0.958,0.916,0.862
46,4.428187317827817e-06,0.1282681031068166,0.9565333333333333,1.0,0.992,0.9593333333333334,0.925,0.9063333333333333,0.12826810308992861,0.10649214254925295,0.0014873258739088971,0.00040341680206668876,0.01988489545583725,1.9884895915349325,3.228333297475839e-07,3.2283332818858365e-05,0.13629661354124545,0.9464,1.0,0.986,0.958,0.918,0.87
47,1.9713246713805574e-06,0.1340333249012629,0.9525333333333333,1.0,0.993,0.9523333333333334,0.918,0.8993333333333333,0.13403332469960053,0.11227431746625359,0.0014808718670159579,0.00040253667918344337,0.019875493432581423,1.9875493859608968,1.0531556097776004e-07,1.0531556593970356e-05,0.13633770123124123,0.946,1.0,0.986,0.958,0.916,0.87
48,4.933178929321099e-07,0.13000333089033764,0.954,1.0,0.992,0.952,0.9236666666666666,0.9023333333333333,0.13000333096385003,0.10822600815703488,0.001482152129895985,0.0004025185044078777,0.019892480808496475,1.989248126411438,1.7122139469225e-07,1.7122139531726698e-05,0.1357398555189371,0.9468,1.0,0.986,0.958,0.916,0.874
49,0.0,0.1315232131401698,0.9543333333333334,1.0,0.9916666666666667,0.9536666666666667,0.918,0.9083333333333333,0.1315232130105297,0.10978590527084828,0.001483653461219122,0.000402654336951673,0.01985096158385277,1.9850962034861246,3.8634345836539315e-08,3.863434629252728e-06,0.13565409269034862,0.9456,1.0,0.986,0.958,0.916,0.868
