epoch,lr,train_loss,train_acc,train_loss_total,train_loss_answer,train_loss_sparse,train_loss_entropy,val_loss,val_acc
0,0.0009990232305719944,0.6484190724492073,0.590625,0.6484190724492073,0.6443208287954331,0.0034926749770529566,0.0006055704536265694,0.6216242995262146,0.586
1,0.0009960967771506664,0.3855086686015129,0.816625,0.3855086686015129,0.3815388716943562,0.00350479955971241,0.00046499691042117776,0.1977240765094757,0.906
2,0.0009912321891107007,0.21987780659925193,0.9185,0.21987780659925193,0.2157813482200727,0.003719721539877355,0.0003767367865657434,0.1935525139570236,0.915
3,0.0009844486647586721,0.17000319032371045,0.935375,0.17000319032371045,0.16591401059218333,0.0037553227371536196,0.000333857238991186,0.1586779792457819,0.934
4,0.0009757729755661009,0.14761427239049227,0.94775,0.14761427239049227,0.1434811377597216,0.003829985000193119,0.00030314989510225133,0.15458514860644937,0.941
5,0.0009652393605146842,0.16143312857765704,0.94725,0.16143312857765704,0.15734660693825572,0.0038098899563774468,0.00027663219533860685,0.06983534014225005,0.971
6,0.0009528893909706795,0.14284784876089543,0.950625,0.14284784876089543,0.13877840025497426,0.0038215458476915957,0.0002479018691519741,0.07075630858540535,0.971
7,0.0009387718066217122,0.15645809224713594,0.94925,0.15645809224713594,0.15237881309767545,0.003841717904433608,0.00023756189679261297,0.2632201847955585,0.916
8,0.0009229423231234972,0.1797629311531782,0.950375,0.1797629311531782,0.17574200777128862,0.003794182715471834,0.00022674032193026507,0.17297558203339577,0.934
9,0.0009054634122155987,0.12086248975247145,0.96,0.12086248975247145,0.11681398257482943,0.0038287423709407447,0.00021976451095542872,0.04779997777193785,0.983
10,0.0008864040551740153,0.1717099575055763,0.9555,0.1717099575055763,0.16769711929866024,0.003801747329067439,0.00021109167649410664,0.08958350273966789,0.971
11,0.0008658394705735984,0.13643365211691708,0.95625,0.13643365211691708,0.13236628378211754,0.0038693278413265944,0.0001980400957108941,0.05720605368167162,0.978
12,0.0008438508174347006,0.149419040880166,0.95175,0.149419040880166,0.14532897265256906,0.003893857907038182,0.00019621053693117573,0.09821688213199377,0.963
13,0.000820524874925601,0.1353832683954388,0.9615,0.1353832683954388,0.13126549253729536,0.003931952957995236,0.00018582281476119534,0.16268768219649793,0.951
14,0.000795953699884774,0.13268009100435302,0.96125,0.13268009100435302,0.12859170472267942,0.003903394148685038,0.00018499247694853693,0.37760489153116944,0.948
15,0.000770234263514603,0.1322857474074699,0.96225,0.1322857474074699,0.1281670246455142,0.003934997250791639,0.00018372490906040184,0.2042737337425351,0.943
16,0.0007434680686803488,0.11972055077040568,0.964125,0.11972055077040568,0.11558521661910981,0.0039574377974495294,0.00017789651569910346,0.21240911918506025,0.938
17,0.0007157607493247108,0.12348378854477778,0.96525,0.12348378854477778,0.11940007061332153,0.0039023556872271,0.0001813615644350648,0.06714131974428893,0.976
18,0.0006872216535789154,0.09663106593675912,0.970125,0.09663106593675912,0.0925520627143269,0.0039017932270653546,0.0001772099146619439,0.06275315015017986,0.98
19,0.0006579634122155987,0.08848878664243966,0.97225,0.08848878664243966,0.08437377420166377,0.003946437087375671,0.00016857518575852737,0.5102595717906951,0.945
20,0.0006281014941466028,0.19004397322423755,0.968875,0.19004397322423755,0.18596468260418078,0.003909035946708173,0.00017025775522051844,0.04695005142688751,0.987
21,0.0005977537507199335,0.09738912771409378,0.97025,0.09738912771409378,0.0933464593249198,0.0038707152968272566,0.00017195330771210138,0.1055255570486188,0.964
22,0.0005670399506143305,0.09864695636043325,0.971375,0.09864695636043325,0.09455237595261996,0.00393025594111532,0.0001643245813320391,0.06948261807486415,0.974
23,0.0005360813071670099,0.08199698552070185,0.976625,0.08199698552070185,0.07791592869765472,0.003919352359138429,0.00016170463478192687,0.045578544892370704,0.982
24,0.0005049999999999998,0.09577900370676071,0.977,0.09577900370676071,0.09172179957299363,0.003896520934998989,0.00016068336099851876,0.3211801314689219,0.943
25,0.0004739186928329897,0.09087570428848267,0.975625,0.09087570428848267,0.08680043393371366,0.003913241245318205,0.00016202909608546177,0.040213479831814766,0.987
26,0.0004429600493856692,0.0867875513001345,0.977375,0.0867875513001345,0.08275111872252455,0.0038737649717368186,0.00016266733917291276,0.027235884718596934,0.993
27,0.0004122462492800661,0.06761288059223443,0.979,0.06761288059223443,0.06358762434309403,0.0038623848939314484,0.000162871147505939,0.07524745849892497,0.977
28,0.0003818985058533967,0.06023185015283525,0.98425,0.06023185015283525,0.05624352068560398,0.0038308824696578086,0.0001574470110645052,0.03476528585702181,0.988
29,0.00035203658778440103,0.07012936045601964,0.9805,0.07012936045601964,0.06619585119717473,0.0037784446622245015,0.00015506444987840951,0.12528284660726785,0.966
30,0.00032277834642108444,0.06759590869303793,0.9825,0.06759590869303793,0.06366550918660686,0.003772365287877619,0.00015803423016041052,0.07277578786015511,0.984
31,0.0002942392506752889,0.07125047285482287,0.982625,0.07125047285482287,0.06733505819546207,0.00375693324347958,0.0001584811157954391,0.12114290514588356,0.974
32,0.00026653193131965077,0.057360705929342656,0.98575,0.057360705929342656,0.05349687409941355,0.0037039675782434642,0.00015986463616718538,0.14385021965950728,0.975
33,0.00023976573648539642,0.042587766470387575,0.989875,0.042587766470387575,0.038837214086935946,0.0035903333742171527,0.0001602189274126431,0.04668288083188236,0.988
34,0.00021404630011522574,0.05919423690531403,0.988125,0.05919423690531403,0.055549435713418784,0.0034870394933968784,0.00015776149116572923,0.0432751987464726,0.987
35,0.00018947512507439847,0.0690107897175476,0.98325,0.0690107897175476,0.06539450575859981,0.0034604906672611835,0.00015579356874513906,0.07420192435942591,0.983
36,0.000166149182565299,0.04086446856055409,0.990375,0.04086446856055409,0.03728304686874363,0.0034243348850868643,0.00015708680008538067,0.06958507939241826,0.984
37,0.00014416052942640132,0.03423377417074516,0.991625,0.03423377417074516,0.030696685990763938,0.003381986818742007,0.000155101379394182,0.28900091761164365,0.963
38,0.00012359594482598432,0.037569987213704734,0.9925,0.037569987213704734,0.03406899098544173,0.003346247122157365,0.00015474907560565043,0.08742324485257268,0.983
39,0.00010453658778440102,0.03283399087423459,0.992625,0.03283399087423459,0.02940194476955937,0.0032744735605083407,0.00015757214053883217,0.037931789215654134,0.991
40,8.70576768765026e-05,0.031135280458722263,0.99475,0.031135280458722263,0.027770053718513085,0.0032045505214482544,0.00016067606453725602,0.022917293038219214,0.994
41,7.12281933782875e-05,0.026029324864037334,0.99525,0.026029324864037334,0.022794937427310678,0.0030691933389753105,0.00016519410104956478,0.04234473432973027,0.99
42,5.71106090293204e-05,0.022262593332212418,0.99625,0.022262593332212418,0.01914712751732854,0.0029510698281228543,0.00016439606006315443,0.06762422169186175,0.986
43,4.4760639485315563e-05,0.014482243903446943,0.997375,0.014482243903446943,0.011469204482887295,0.0028511646375991404,0.00016187494146288373,0.09190737916715443,0.992
44,3.422702443389899e-05,0.02352919561089948,0.996125,0.02352919561089948,0.020587289071929377,0.0027826008771080525,0.00015930571126227734,0.05006995830312371,0.992
45,2.5551335241327665e-05,0.010558349314611404,0.99775,0.010558349314611404,0.007633559726733935,0.0027659310917370022,0.00015885862204595468,0.05711318160220981,0.99
46,1.876781088929908e-05,0.0076173357451334595,0.999375,0.0076173357451334595,0.004731510118161323,0.0027287961272522807,0.0001570296338177286,0.04448383312299847,0.991
47,1.3903222849333505e-05,0.0070681423377245665,0.999,0.0070681423377245665,0.0042028127192892725,0.0027083338147494943,0.00015699579642387108,0.05153762969747186,0.988
48,1.0976769428005579e-05,0.006027906398056075,0.999375,0.006027906398056075,0.003179375249818537,0.0026921946078073233,0.00015633652970427648,0.039444283835589886,0.994
49,1e-05,0.004880226117093116,0.999625,0.004880226117093116,0.002042612854468213,0.0026816489186603574,0.00015596442561945878,0.0416816040314734,0.993
