epoch,lr,train_loss,train_acc,train_acc_turn_1,train_acc_turn_2,train_acc_turn_3,train_acc_turn_4,train_acc_turn_5,train_acc_turn_6,train_acc_turn_7,train_loss_total,train_loss_answer,train_loss_sparse,train_loss_entropy,train_loss_ponder,train_mean_steps,train_loss_write_sparse,train_write_gate_mean,val_loss,val_acc,val_acc_turn_1,val_acc_turn_2,val_acc_turn_3,val_acc_turn_4,val_acc_turn_5,val_acc_turn_6,val_acc_turn_7
0,0.000299794430213186,0.5219856750851586,0.7333809523809524,0.805,0.7696666666666667,0.752,0.5993333333333334,0.5253333333333333,0.755,0.9273333333333333,0.5219856757578396,0.5010785016342998,0.0029705195753347304,0.0006474554594827905,0.017289198429811567,1.7289198823656355,0.0,0.8468938692410787,0.4105241198667458,0.802,0.938,0.794,0.848,0.572,0.706,0.81,0.946
1,0.00029917828430524096,0.4220519406454904,0.7971904761904762,0.9566666666666667,0.813,0.8173333333333334,0.6263333333333333,0.6643333333333333,0.7753333333333333,0.9273333333333333,0.4220519400168033,0.39840915985007413,0.002841613637948675,0.0006309630562373925,0.020170203626155854,2.01702040831248,0.0,0.8738891354515439,0.3727577734206404,0.83,0.98,0.92,0.874,0.714,0.608,0.774,0.94
2,0.00029815325108927063,0.3896558350608462,0.825047619047619,0.9703333333333334,0.9,0.8343333333333334,0.69,0.6743333333333333,0.7623333333333333,0.944,0.3896558345563355,0.36299178876905214,0.002686276881689472,0.000625290621781633,0.023352478943410374,2.33524794782911,0.0,0.8887608955701192,0.36566001775435036,0.8408571428571429,0.958,0.946,0.834,0.752,0.654,0.796,0.946
3,0.0002967221401100708,0.37794508775075275,0.8330952380952381,0.9723333333333334,0.9066666666666666,0.8426666666666667,0.7346666666666667,0.6813333333333333,0.755,0.939,0.3779450871525776,0.35102159642656555,0.0026199580238511163,0.0006169970193101714,0.0236865352924381,2.368653581255958,0.0,0.9128374279794239,0.3312546510015215,0.8551428571428571,0.982,0.944,0.868,0.764,0.686,0.804,0.938
4,0.0002948888739433602,0.35881238964625767,0.8434285714285714,0.9743333333333334,0.929,0.8516666666666667,0.7573333333333333,0.692,0.7586666666666667,0.941,0.3588123901770228,0.3302747646795719,0.002508986952182438,0.0006139192875430343,0.025414719479069824,2.5414720033009846,0.0,0.9228084822382245,0.3187010540110724,0.8682857142857143,0.986,0.954,0.894,0.778,0.726,0.796,0.944
5,0.00029265847744427303,0.3469385545367286,0.8486190476190476,0.973,0.9403333333333334,0.863,0.7603333333333333,0.6953333333333334,0.764,0.9443333333333334,0.34693855410530455,0.3179943484161728,0.0023976795124555274,0.0005969875295579965,0.025949538576815808,2.594953914869399,0.0,0.93726419203622,0.3145994796710355,0.8651428571428571,0.998,0.972,0.898,0.752,0.688,0.81,0.938
6,0.00029003706397458023,0.34253288037436347,0.8514761904761905,0.978,0.94,0.8663333333333333,0.7653333333333333,0.696,0.7683333333333333,0.9463333333333334,0.34253288020903155,0.311814137780795,0.0023263326521208954,0.0005778755537356206,0.02781453398473206,2.781453461828686,0.0,0.9513902318591163,0.31491559427976606,0.8674285714285714,0.998,0.968,0.88,0.778,0.704,0.798,0.946
7,0.0002870318186463901,0.3342954966681344,0.8544285714285714,0.9803333333333333,0.9423333333333334,0.8733333333333333,0.7586666666666667,0.6913333333333334,0.7823333333333333,0.9526666666666667,0.33429549697680133,0.30391311772436547,0.002248066427940059,0.0005657883027756942,0.027568525229181563,2.7568525849296934,0.0,0.9604764239447457,0.3301876100386892,0.8631428571428571,0.964,0.95,0.886,0.796,0.69,0.814,0.942
8,0.00028365097862825513,0.326596529733567,0.8619523809523809,0.9826666666666667,0.9376666666666666,0.8816666666666667,0.793,0.699,0.789,0.9506666666666667,0.32659653032606556,0.29675937703626865,0.0021805965754735685,0.0005470665603809591,0.027109490162559917,2.710949075835092,0.0,0.9649416265714736,0.3037947440615722,0.8725714285714286,0.976,0.96,0.892,0.83,0.696,0.798,0.956
9,0.0002799038105676658,0.32528682631538025,0.8597619047619047,0.9803333333333333,0.9453333333333334,0.88,0.7873333333333333,0.6946666666666667,0.7893333333333333,0.9413333333333334,0.32528682695754935,0.2954892398866304,0.002196892347186804,0.0005461068533615963,0.02705458776581855,2.705458835874285,0.0,0.9651913579986209,0.33871666991284916,0.8482857142857143,0.99,0.9,0.89,0.73,0.666,0.808,0.954
10,0.00027580058519181355,0.3151381916318621,0.8662380952380953,0.985,0.9446666666666667,0.8996666666666666,0.7913333333333333,0.6853333333333333,0.8066666666666666,0.951,0.315138189868558,0.2853835456772441,0.0021218522909939998,0.0005339071025345696,0.02709888500933136,2.7098885622024538,0.0,0.9649518949190775,0.29437042261872975,0.8708571428571429,0.976,0.926,0.914,0.792,0.71,0.824,0.954
11,0.00027135254915624206,0.30064057831537155,0.8742857142857143,0.9866666666666667,0.9543333333333334,0.9063333333333333,0.7993333333333333,0.707,0.8136666666666666,0.9526666666666667,0.30064057816423123,0.2709101306268893,0.002004249819654173,0.0005116815954790495,0.027214516249086176,2.7214516860416955,0.0,0.9673596833774022,0.25926286935167653,0.8905714285714286,0.984,0.98,0.936,0.836,0.696,0.844,0.958
12,0.00026657189421854557,0.2976581377528963,0.8782380952380953,0.9796666666666667,0.9573333333333334,0.9013333333333333,0.8166666666666667,0.722,0.818,0.9526666666666667,0.297658138068659,0.26847885917375486,0.0020336573134021214,0.0005261388038495733,0.02661948320730811,2.6619483781087965,0.0,0.9697057550975254,0.265949763619474,0.8894285714285715,0.994,0.962,0.928,0.828,0.732,0.83,0.952
13,0.0002614717238216091,0.29395168613252187,0.8789047619047619,0.9786666666666667,0.958,0.9023333333333333,0.8183333333333334,0.7233333333333334,0.8173333333333334,0.9543333333333334,0.293951686698766,0.2647163701164536,0.0019655317076969713,0.0005135936250028733,0.026756191763849486,2.6756192380360195,0.0,0.9684889631498428,0.28533211367258005,0.8791428571428571,0.976,0.97,0.894,0.844,0.702,0.814,0.954
14,0.0002560660171779821,0.28201527781713576,0.8847142857142857,0.986,0.9606666666666667,0.9026666666666666,0.8426666666666667,0.7273333333333334,0.8213333333333334,0.9523333333333334,0.28201527754820527,0.25267867769775987,0.0019849165667380608,0.0005200848700284647,0.026831598479123343,2.683159906886873,0.0,0.9700368351709275,0.27656280737689565,0.888,0.986,0.972,0.91,0.814,0.748,0.834,0.952
15,0.0002503695909538287,0.27991395246414913,0.885095238095238,0.9873333333333333,0.9613333333333334,0.9006666666666666,0.837,0.7346666666666667,0.823,0.9516666666666667,0.27991395262593316,0.25027681266731466,0.0019831505214706773,0.0005280676967453301,0.02712592139662731,2.7125922006425403,0.0,0.9690672700064523,0.2969129038623401,0.8731428571428571,0.964,0.918,0.878,0.826,0.73,0.838,0.958
16,0.0002443980586574756,0.27414095356350854,0.8895238095238095,0.9846666666666667,0.9606666666666667,0.9083333333333333,0.8493333333333334,0.7403333333333333,0.83,0.9533333333333334,0.2741409535429307,0.24453343587722268,0.002102277798555969,0.000556519457726695,0.026948720639305455,2.6948721230370656,0.0,0.9734796922093346,0.2687823473129954,0.8885714285714286,0.996,0.942,0.922,0.844,0.732,0.84,0.944
17,0.0002381677878438709,0.27872481189455306,0.8882857142857142,0.9856666666666667,0.957,0.9003333333333333,0.8466666666666667,0.7426666666666667,0.8333333333333334,0.9523333333333334,0.2787248115319581,0.24964962233574686,0.002182255113275633,0.000577555112673768,0.026315378926694392,2.6315379525139218,0.0,0.976251902489435,0.2519604880809784,0.8957142857142857,0.998,0.956,0.92,0.862,0.722,0.858,0.954
18,0.000231695855252254,0.26544199314571565,0.8920476190476191,0.9883333333333333,0.962,0.9106666666666666,0.8473333333333334,0.742,0.8383333333333334,0.9556666666666667,0.2654419927721222,0.23636632091565724,0.002096422241823304,0.0005527049492590041,0.026426544532889413,2.6426545147668747,0.0,0.9792602045195443,0.2810203597503049,0.8834285714285715,0.964,0.974,0.852,0.844,0.738,0.86,0.952
19,0.0002249999999999999,0.26268808432987756,0.8973333333333333,0.988,0.965,0.9153333333333333,0.8543333333333333,0.766,0.8436666666666667,0.949,0.2626880833236944,0.23395277515150953,0.0020794084686564193,0.0005497677458860423,0.026106132026584374,2.610613261813209,0.0,0.981118832769848,0.25262551552057266,0.8914285714285715,0.984,0.974,0.916,0.868,0.692,0.858,0.948
20,0.00021809857496093193,0.2609325862384978,0.8949047619047619,0.991,0.964,0.9133333333333333,0.854,0.7563333333333333,0.8323333333333334,0.9533333333333334,0.2609325856062628,0.232390856384193,0.0020731177757871114,0.0005527549196073475,0.025915856753076824,2.5915857342311313,0.0,0.9817582491693042,0.23755459662207534,0.9017142857142857,0.998,0.982,0.91,0.866,0.74,0.856,0.96
21,0.00021101049646136998,0.25191160070328483,0.8993333333333333,0.9916666666666667,0.9633333333333334,0.9113333333333333,0.8616666666666667,0.776,0.8366666666666667,0.9546666666666667,0.25191160002315327,0.22357143573247223,0.0019370565260538742,0.0005200300515640438,0.02588307796383188,2.588307851836795,0.0,0.9835269285383679,0.27568270558544566,0.8874285714285715,0.994,0.964,0.902,0.892,0.678,0.832,0.95
22,0.00020375519243179502,0.24088355152947563,0.9062857142857143,0.988,0.9713333333333334,0.918,0.87,0.7963333333333333,0.8473333333333334,0.953,0.2408835507766122,0.21283613929248704,0.0018875299134025617,0.0005068911863712682,0.025652990396888484,2.565299096198309,0.0,0.9857864366485959,0.25484136639961175,0.9005714285714286,0.99,0.942,0.892,0.884,0.788,0.856,0.952
23,0.00019635254915624205,0.23866433799834477,0.9055714285714286,0.9893333333333333,0.966,0.9186666666666666,0.8656666666666667,0.797,0.848,0.9543333333333334,0.2386643384297689,0.21082314722698253,0.0018503596250610869,0.0005043517281107294,0.025486479851106802,2.548648040453593,0.0,0.9866006676128932,0.24703614393302373,0.9025714285714286,1.0,0.982,0.914,0.878,0.73,0.864,0.95
24,0.00018882285676537805,0.24332671921593801,0.9026190476190477,0.988,0.9686666666666667,0.9133333333333333,0.8703333333333333,0.7846666666666666,0.8443333333333334,0.949,0.24332671936033737,0.21579097089385324,0.0018287509347179106,0.0005006916488498627,0.02520630618965342,2.5206306780406407,0.0,0.9862180349486215,0.23847151024000984,0.9002857142857142,0.994,0.972,0.902,0.874,0.778,0.834,0.948
25,0.00018118675362266382,0.22911565440041678,0.9085238095238095,0.988,0.9716666666666667,0.9236666666666666,0.8693333333333333,0.8063333333333333,0.8483333333333334,0.9523333333333334,0.22911565481552057,0.20160293842258087,0.0017994836981607867,0.0004918137734223689,0.025221419182916482,2.5221419742220923,0.0,0.9861206199782235,0.22490085934741155,0.9154285714285715,1.0,0.966,0.912,0.886,0.802,0.882,0.96
26,0.0001734651697560346,0.2283195629801069,0.9116190476190477,0.9913333333333333,0.9713333333333334,0.9176666666666666,0.88,0.8076666666666666,0.8543333333333333,0.959,0.22831956344913867,0.20087046715489332,0.0018382304831784928,0.0005026257518551401,0.025108239961521967,2.5108240509941466,0.0,0.986925239040738,0.2422290666741984,0.9042857142857142,1.0,0.952,0.9,0.864,0.778,0.878,0.958
27,0.00016567926949014798,0.22788996837252662,0.9129047619047619,0.9886666666666667,0.972,0.9206666666666666,0.88,0.816,0.8593333333333333,0.9536666666666667,0.22788996871383418,0.20039042489665346,0.0017915326215748098,0.0004871482268568971,0.025220863397277537,2.5220863976705643,0.0,0.9873741814068385,0.231710031075137,0.914,1.0,0.978,0.916,0.88,0.782,0.88,0.962
28,0.0001578503934364415,0.2223088571003505,0.9143333333333333,0.9896666666666667,0.9656666666666667,0.9223333333333333,0.8893333333333333,0.8203333333333334,0.859,0.954,0.22230885839675155,0.19533370530481867,0.00182699510516111,0.0004940457758604594,0.024654112221939223,2.4654112782251265,0.0,0.9887648409888858,0.2135782724406038,0.9165714285714286,0.992,0.984,0.922,0.886,0.778,0.892,0.962
29,0.00015,0.210941903591156,0.9211428571428572,0.9933333333333333,0.971,0.924,0.892,0.8326666666666667,0.872,0.963,0.21094190347017278,0.18430987991253658,0.0018335501346626274,0.00048821626552048004,0.0243102572131015,2.4310257755007063,0.0,0.9885579604421343,0.20382328349351883,0.9197142857142857,0.992,0.986,0.926,0.88,0.806,0.892,0.956
30,0.0001421496065635584,0.2076343322481428,0.9213333333333333,0.993,0.9756666666666667,0.921,0.895,0.8253333333333334,0.8773333333333333,0.962,0.20763433183232943,0.18064093789799274,0.0018181909934639753,0.0004821332781326159,0.024693069236619132,2.469306979769752,0.0,0.9886067597298395,0.20179426060191222,0.924,1.0,0.978,0.924,0.89,0.806,0.908,0.962
31,0.00013432073050985197,nan,0.9218571428571428,0.9926666666666667,0.9696666666666667,0.924,0.8996666666666666,0.831,0.8746666666666667,0.9613333333333334,nan,0.18349627797387244,0.0017782171402747433,nan,0.02421565048822335,2.421565099262056,0.0,0.9879535168466114,0.2025794505902699,0.9182857142857143,0.986,0.984,0.916,0.9,0.802,0.872,0.968
32,0.00012653483024396533,0.19563900520688013,0.9286190476190476,0.9936666666666667,0.9766666666666667,0.9333333333333333,0.8996666666666666,0.846,0.8853333333333333,0.9656666666666667,0.1956390060970471,0.16864420048807993,0.001762950222573376,0.0004697477293306119,0.024762107496460278,2.476210806846619,0.0,0.9888991567066737,0.19232291780412197,0.9311428571428572,0.998,0.978,0.934,0.89,0.834,0.916,0.968
33,0.00011881324637733606,nan,0.9281428571428572,0.995,0.977,0.9296666666666666,0.8926666666666667,0.8453333333333334,0.8916666666666667,0.9656666666666667,nan,0.17363114329336218,0.0017699398107915408,nan,0.02465087789900246,2.465087847119286,0.0,0.9894185353006636,0.1995805237165519,0.9251428571428572,0.986,0.972,0.912,0.892,0.84,0.906,0.968
34,0.00011117714323462187,0.19029265337898618,0.9315238095238095,0.9936666666666667,0.9756666666666667,0.9353333333333333,0.896,0.8653333333333333,0.8913333333333333,0.9633333333333334,0.19029265360995418,0.1628396973252154,0.0017923506611425962,0.00046837939969762894,0.02519222599480833,2.5192226550238472,0.0,0.9890567250024704,0.19184894593485763,0.9285714285714286,0.998,0.98,0.914,0.89,0.834,0.914,0.97
35,0.00010364745084375787,nan,0.931,0.99,0.9773333333333334,0.9373333333333334,0.9073333333333333,0.8516666666666667,0.8893333333333333,0.964,nan,0.16410984506623244,0.0017781623253332716,nan,0.024696815532233032,2.469681607882182,0.0,0.9893502236547924,0.1937710750124284,0.9257142857142857,0.994,0.976,0.928,0.878,0.836,0.902,0.966
36,9.624480756820493e-05,0.17703615274883452,0.935952380952381,0.995,0.981,0.9413333333333334,0.9006666666666666,0.8653333333333333,0.9016666666666666,0.9666666666666667,0.17703615255263588,0.15015443780665794,0.0017692800844199069,0.00046758118014328094,0.024644853537281353,2.4644854081471763,0.0,0.9896308427311126,0.19427357159342085,0.9254285714285714,1.0,0.978,0.92,0.888,0.832,0.892,0.968
37,8.898950353862994e-05,0.1856662841751462,0.9334761904761905,0.993,0.9806666666666667,0.9353333333333333,0.8933333333333333,0.869,0.8973333333333333,0.9656666666666667,0.18566628410560745,0.15820027672764259,0.0017864517000991673,0.0004726835239063283,0.02520687227944533,2.5206872843333654,0.0,0.9897261276472182,0.19583937499778611,0.9217142857142857,0.986,0.978,0.926,0.874,0.83,0.896,0.962
38,8.190142503906796e-05,0.1789340950988588,0.9368571428571428,0.9933333333333333,0.981,0.9426666666666667,0.9003333333333333,0.8756666666666667,0.8983333333333333,0.9666666666666667,0.17893409531811874,0.1512735060842613,0.0017628675817201536,0.0004681848276051737,0.025429536852453437,2.5429537433442615,0.0,0.9903699017479306,0.1960508323950427,0.9271428571428572,0.998,0.98,0.926,0.886,0.826,0.91,0.964
39,7.500000000000001e-05,0.18276656125840687,0.934,0.9946666666666667,0.9836666666666667,0.9393333333333334,0.9003333333333333,0.862,0.89,0.968,0.18276656116829032,0.15526038444766432,0.0017213725274583945,0.00045389573520237934,0.02533090875900927,2.5330909336180913,0.0,0.9904677240962074,0.21653292627419743,0.918,0.984,0.966,0.906,0.882,0.828,0.894,0.966
40,6.830414474774596e-05,0.17546676292873564,0.9368571428571428,0.9956666666666667,0.982,0.937,0.901,0.871,0.903,0.9683333333333334,0.17546676293086438,0.14835497676193837,0.0017409628898548406,0.00046141576309621866,0.024909407579118296,2.490940814336141,0.0,0.9902575163841247,0.17720290238729544,0.934,1.0,0.982,0.928,0.898,0.844,0.912,0.974
41,6.183221215612902e-05,0.17197026956649053,0.9372857142857143,0.996,0.9863333333333333,0.9383333333333334,0.9013333333333333,0.876,0.895,0.968,0.17197026959416412,0.14483690219352732,0.0017279088533860409,0.00045703074622378197,0.024948427953890392,2.494842851502555,0.0,0.990483945051829,nan,0.9288571428571428,0.986,0.972,0.93,0.89,0.842,0.914,0.968
42,5.560194134252439e-05,0.171213176602409,0.9383333333333334,0.997,0.9816666666666667,0.945,0.9013333333333333,0.873,0.9013333333333333,0.969,0.17121317669642824,0.14391859871230042,0.0017021708476157593,0.00044682381129435575,0.025145583447601115,2.514558400381179,0.0,0.9908310557774135,0.17626305392171657,0.9357142857142857,1.0,0.986,0.93,0.892,0.854,0.918,0.97
43,4.96304090461713e-05,0.16913725063914345,0.9392857142857143,0.9963333333333333,0.9863333333333333,0.9423333333333334,0.9076666666666666,0.8746666666666667,0.8986666666666666,0.969,0.16913725105744032,0.14194109237264968,0.0016681831278394731,0.0004378455505551149,0.025090130299684547,2.509013086001078,0.0,0.9912979786282494,0.1910872240960598,0.9265714285714286,0.988,0.978,0.922,0.9,0.82,0.908,0.97
44,4.393398282201787e-05,0.16700590820539565,0.9405714285714286,0.9976666666666667,0.984,0.9436666666666667,0.9056666666666666,0.8733333333333333,0.9106666666666666,0.969,0.16700590801132575,0.14013897033309847,0.0016517644160249758,0.0004326959304605788,0.024782477346914154,2.4782477888833907,0.0,0.9915462616965884,0.186128045043775,0.9302857142857143,0.988,0.98,0.934,0.892,0.844,0.896,0.978
45,3.8528276178390874e-05,0.1649810696102324,0.9421904761904762,0.9936666666666667,0.9856666666666667,0.9453333333333334,0.9096666666666666,0.8836666666666667,0.908,0.9693333333333334,0.16498107021621294,0.13763992801884203,0.0016628336129998345,0.000434899156796746,0.025243409910727117,2.524341046923683,0.0,0.9915444692657107,0.18406705662608147,0.9325714285714286,0.998,0.972,0.938,0.884,0.864,0.898,0.974
46,3.342810578145436e-05,0.16503846030008226,0.942,0.997,0.9866666666666667,0.946,0.9076666666666666,0.8773333333333333,0.9143333333333333,0.965,0.16503845982537382,0.13776030714459006,0.00165044260497338,0.0004328171670508926,0.025194892516803173,2.519489308629717,0.0,0.9917736613182795,0.17805468459001608,0.9365714285714286,0.996,0.984,0.94,0.886,0.87,0.912,0.968
47,2.8647450843757894e-05,0.15997532526652017,0.9442857142857143,0.998,0.988,0.947,0.9123333333333333,0.887,0.906,0.9716666666666667,0.1599753248074225,0.13265881372518348,0.0016590139683934726,0.00043058594291575165,0.025226911125083764,2.5226911697841827,0.0,0.9917021753674462,0.18094845019068037,0.9334285714285714,1.0,0.976,0.93,0.898,0.856,0.906,0.968
48,2.4199414808186403e-05,0.16379258869943164,0.9431904761904762,0.9973333333333333,0.9876666666666667,0.9483333333333334,0.9143333333333333,0.8733333333333333,0.9083333333333333,0.973,0.1637925885376476,0.1362896431488618,0.0016598846773129134,0.0004279593355022371,0.02541510110348463,2.541510165759495,0.0,0.9912899444216774,0.18193497357623917,0.9337142857142857,0.998,0.982,0.94,0.892,0.848,0.906,0.97
49,2.0096189432334187e-05,0.16233235285395667,0.9431428571428572,0.9993333333333333,0.986,0.9473333333333334,0.9053333333333333,0.8803333333333333,0.9106666666666666,0.973,0.1623323535259281,0.1347143628230069,0.0016634945653578532,0.00042792507284043714,0.025526571057382083,2.552657162121364,0.0,0.9916741366613478,0.1722910819011075,0.9377142857142857,0.998,0.984,0.944,0.9,0.864,0.908,0.966
50,1.6349021371744827e-05,0.16447371713320413,0.9431904761904762,0.9993333333333333,0.9886666666666667,0.9493333333333334,0.9106666666666666,0.8783333333333333,0.9086666666666666,0.9673333333333334,0.1644737170533765,0.13664779908229727,0.001666643690306782,0.0004280943050246043,0.02573117988237313,2.5731180461701895,0.0,0.9918105303673517,0.17380747829590526,0.9357142857142857,0.996,0.982,0.942,0.888,0.87,0.908,0.964
51,1.2968181353609849e-05,0.16099702277637665,0.9445714285714286,0.9983333333333333,0.9886666666666667,0.9483333333333334,0.9103333333333333,0.8786666666666667,0.917,0.9706666666666667,0.16099702255250442,0.13312745738686294,0.0016526590704230503,0.00042514533302857584,0.02579176086790505,2.579176142692566,0.0,0.991823857648032,0.18261327133221286,0.9357142857142857,0.998,0.982,0.936,0.898,0.854,0.908,0.974
52,9.962936025419734e-06,0.16093414716493515,0.9454285714285714,0.9976666666666667,0.9893333333333333,0.9553333333333334,0.9053333333333333,0.8803333333333333,0.9196666666666666,0.9703333333333334,0.16093414800223851,0.13280297236151747,0.0016584325451182113,0.00042528701168096934,0.0260474559231883,2.60474564965566,0.0,0.9917326303209577,0.1790861580158983,0.9388571428571428,0.998,0.982,0.95,0.902,0.866,0.9,0.974
53,7.3415225557269666e-06,0.16400310241608393,0.9446666666666667,0.9993333333333333,0.987,0.9516666666666667,0.9043333333333333,0.881,0.917,0.9723333333333334,0.16400310175262747,0.13597123427655905,0.001652613413364937,0.000422786746537202,0.025956467534459772,2.5956468119848344,0.0,0.9918174566314334,0.1809223435819149,0.9348571428571428,0.998,0.974,0.948,0.892,0.85,0.906,0.976
54,5.111126056639751e-06,0.16311337469872975,0.944952380952381,0.9983333333333333,0.99,0.9503333333333334,0.9026666666666666,0.8816666666666667,0.9206666666666666,0.971,0.16311337464834963,0.13510050116967662,0.0016444051939705831,0.0004199177662625776,0.02594855049146073,2.5948551054454985,0.0,0.9917172618139358,0.18314139486210687,0.9334285714285714,0.998,0.974,0.936,0.892,0.848,0.908,0.978
55,3.2778598899291457e-06,0.1590676784742446,0.9436666666666667,0.9996666666666667,0.989,0.95,0.911,0.8786666666666667,0.908,0.9693333333333334,0.15906767854059026,0.13092422194382597,0.0016368931674708923,0.0004181884536824544,0.026088375146899906,2.608837573732649,0.0,0.9920233030092148,0.1813115795808179,0.938,0.998,0.98,0.948,0.882,0.87,0.91,0.978
56,1.8467489107293506e-06,0.1607969290074848,0.9446190476190476,0.999,0.9893333333333333,0.9486666666666667,0.9073333333333333,0.8816666666666667,0.913,0.9733333333333334,0.160796929421879,0.132590532849873,0.001643789367295713,0.000420161693104698,0.02614244561961719,2.614244620822725,0.0,0.9920357952344985,0.17929156061794077,0.9374285714285714,0.998,0.982,0.948,0.884,0.868,0.908,0.974
57,8.217156947589897e-07,0.1617731932571956,0.9435714285714286,0.9996666666666667,0.992,0.9466666666666667,0.9033333333333333,0.8763333333333333,0.9153333333333333,0.9716666666666667,0.16177319328345002,0.1335427540234891,0.0016526254948029029,0.0004227366655166926,0.02615507702990657,2.6155077628181096,0.0,0.9919971276919047,0.17840967247528688,0.9374285714285714,0.998,0.98,0.946,0.886,0.864,0.912,0.976
58,2.05569786813925e-07,0.16348908604894366,0.9444761904761905,0.9993333333333333,0.991,0.9536666666666667,0.904,0.876,0.9146666666666666,0.9726666666666667,0.1634890865193946,0.13524373100985376,0.0016482354812656663,0.00042119875728773574,0.026175921233991782,2.617592183249337,0.0,0.9915632367134094,0.17818058518852506,0.9377142857142857,0.998,0.98,0.946,0.886,0.866,0.912,0.976
59,0.0,0.1614723471573421,0.9437142857142857,0.9993333333333333,0.99,0.9473333333333334,0.8986666666666666,0.8833333333333333,0.9136666666666666,0.9736666666666667,0.161472346521914,0.1332392360645209,0.001648550277110189,0.00042142920795040914,0.02616313099080608,2.616313157671974,0.0,0.9918760949543545,0.17836952124323163,0.9377142857142857,0.998,0.98,0.946,0.886,0.866,0.912,0.976
